,Name,RAh,RAm,RAs,DE-,DEd,DEm,DEs,T,Theta,VLG,e_VLG,Dis,e_Dis,f_Dis,Ref,Note,RA_degrees,RA_radians,Dec_degrees,Dec_radians
0,E059-01,7,31,19.3,-,68,11,10.0,9,-1.5,245,5.0,4.57,0.36,rgb,K06a,,112.83041666666666,1.9692622672304185,-68.18611111111112,-1.190072143019578
1,N2915,9,26,11.5,-,76,37,35.0,10,-1.3,184,5.0,3.78,0.43,rgb,CNG,,141.54791666666668,2.4704771951718905,-76.62638888888888,-1.3373827800247104
2,"SexB,DDO70",10,0,0.1,+,5,19,56.0,10,-0.7,111,1.0,1.36,0.07,rgb,CNG,,150.00041666666667,2.618001150196711,5.332222222222222,0.09306483422578651
3,N3109,10,3,7.2,-,26,9,36.0,9,-0.1,110,1.0,1.33,0.08,rgb,CNG,,150.78000000000003,2.6316074461570507,-26.16,-0.4565781323217166
4,"Antlia,P29194",10,4,4.0,-,27,19,55.0,10,2.3,66,0.0,1.28,0.13,rgb,T06,,151.01666666666665,2.635738058720103,-27.331944444444446,-0.47703242152772796
5,"SexA,DDO75",10,11,0.8,-,4,41,34.0,10,-0.6,94,1.0,1.32,0.04,cep,CNG,,152.75333333333333,2.6660486100630716,-4.692777777777778,-0.081904423286645
6,E376-16,10,43,27.1,-,37,2,33.0,10,,364,3.0,5.0,,h,Ko04,,160.86291666666668,2.807587540194595,-37.0425,-0.6465135881699995
7,P32250,10,47,41.9,-,38,51,15.0,7,-1.0,406,7.0,5.8,,h,CNG,,161.92458333333335,2.826117119086602,-38.85416666666667,-0.6781331364519635
8,"E215-09,KKs40",10,57,30.2,-,48,10,44.0,10,-0.9,290,2.0,5.25,0.41,rgb,K07,,164.37583333333333,2.8688995023761126,-48.178888888888885,-0.8408802410636236
9,N3621,11,18,16.1,-,32,48,42.0,7,-1.9,436,5.0,6.7,0.47,cep,CNG,,169.56708333333336,2.9595039071702685,-32.81166666666666,-0.572671616400206
10,HIPASS,11,33,11.0,-,32,57,43.0,10,,414,5.0,5.8,,h,M04,,173.29583333333335,3.024582871654007,-32.96194444444445,-0.5752944584150087
11,"E320-14,KKs44",11,37,53.4,-,39,13,14.0,10,-1.2,362,5.0,6.08,0.65,rgb,K07,,174.47250000000003,3.045119579185807,-39.220555555555556,-0.6845278289057982
12,"E379-07,KK112",11,54,43.0,-,33,33,29.0,10,-1.3,363,5.0,5.22,0.52,rgb,CNG,,178.67916666666667,3.1185397630530347,-33.558055555555555,-0.5856985600116194
13,E379-24,12,4,56.7,-,35,44,35.0,10,,354,5.0,4.9,,h,M04,,181.23625,3.163169286467573,-35.74305555555556,-0.6238340041676954
14,E321-014,12,13,49.6,-,38,13,53.0,10,-0.3,337,5.0,3.19,0.26,rgb,CNG,,183.45666666666665,3.2019228680670637,-38.231388888888894,-0.6672636137214878
15,"I3104,E020-04",12,18,46.1,-,79,43,34.0,9,-0.5,171,5.0,2.27,0.19,rgb,CNG,,184.69208333333336,3.223484956534411,-79.72611111111111,-1.3914831386997235
17,E381-018,12,44,42.7,-,35,58,0.0,10,-0.6,365,1.0,5.32,0.51,rgb,K07,,191.17791666666665,3.3366841029366756,-35.96666666666667,-0.6277367543006273
18,E381-20,12,46,0.4,-,33,50,17.0,10,-0.3,332,6.0,5.44,0.37,rgb,K07,,191.5016666666667,3.342334606390008,-33.838055555555556,-0.5905854819172035
19,HIPASS J1247-77,12,47,32.6,-,77,35,1.0,10,-1.0,155,3.0,3.16,0.25,rgb,K06a,,191.88583333333332,3.3490395795997525,-77.58361111111111,-1.354089459475745
20,"E443-09,KK170",12,54,53.6,-,28,20,27.0,10,-0.9,410,1.0,5.97,0.46,rgb,K07,,193.72333333333333,3.3811100046051483,-28.340833333333332,-0.4946408544256263
22,"GR8,DDO155",12,58,40.4,+,14,13,3.0,10,-1.2,136,3.0,2.1,0.34,rgb,CNG,,194.66833333333335,3.397603366036495,14.2175,0.2481421864022938
23,UA319,13,2,14.4,-,17,14,15.0,9,2.1,547,5.0,7.6,,h,CNG,,195.56,3.4131658852001108,-17.2375,-0.30085112981252254
24,DDO161,13,3,16.8,-,17,25,23.0,8,1.4,545,5.0,7.6,,h,CNG,,195.82000000000002,3.4177037412552966,-17.423055555555557,-0.30408968520233426
26,"KK182,Cen6",13,5,2.9,-,40,4,58.0,10,-0.5,360,3.0,5.78,0.42,rgb,K07,,196.26208333333332,3.425419550990154,-40.08277777777778,-0.6995764455674383
27,N4945,13,5,26.1,-,49,28,16.0,6,0.7,296,5.0,3.82,0.31,rgb,G05,C,196.35875000000001,3.427106702600416,-49.471111111111114,-0.8634337735088392
28,P45628,13,9,36.6,-,27,8,26.0,10,-0.6,470,32.0,6.5,,h,CNG,,197.4025,3.4453235766681063,-27.140555555555554,-0.4736920552648832
29,E269-058,13,10,32.9,-,46,59,27.0,10,1.9,135,3.0,3.8,0.29,rgb,K07,C,197.63708333333335,3.449417828205077,-46.990833333333335,-0.8201447599225687
32,"E269-66,KK190",13,13,9.2,-,44,53,24.0,-1,1.7,528,31.0,3.82,0.26,rgb,K07,C,198.28833333333336,3.46078428495869,-44.89,-0.7834783012202545
33,N5068,13,18,55.3,-,21,2,21.0,6,-1.4,473,5.0,6.6,,h,CNG,,199.73041666666668,3.4859533872134914,-21.039166666666667,-0.36720273020917366
34,KK195,13,21,8.2,-,31,31,47.0,10,0.0,338,5.0,5.22,0.52,rgb,CNG,M,200.28416666666666,3.4956181479464097,-31.529722222222222,-0.550297465017001
36,KK196,13,21,47.1,-,45,3,48.0,10,2.2,490,5.0,3.98,0.29,rgb,K07,C,200.44625,3.498447035775684,-45.06333333333333,-0.786503538590378
37,N5102,13,21,57.8,-,36,37,47.0,1,0.7,230,7.0,3.4,0.39,rgb,CNG,C,200.4908333333333,3.499225161733864,-36.62972222222222,-0.6393092568687118
41,KK200,13,24,36.0,-,30,58,20.0,9,1.2,264,1.0,4.63,0.46,rgb,CNG,M,201.15,3.510729790386594,-30.97222222222222,-0.5405672544371326
42,"N5128,Cen A",13,25,28.9,-,43,1,0.0,-2,0.6,301,5.0,3.77,0.38,rgb,R04,C,201.37041666666667,3.514576786946198,-43.016666666666666,-0.7507824665662274
43,"I4247,E444-34",13,26,44.4,-,30,21,45.0,10,1.5,195,10.0,4.97,0.49,rgb,K07,M,201.685,3.5200673018847635,-30.3625,-0.5299255941367783
45,E324-24,13,27,37.4,-,41,28,50.0,10,2.4,270,6.0,3.73,0.43,rgb,CNG,C,201.9058333333333,3.5239215706495837,-41.480555555555554,-0.72397227000087
46,P170257,13,29,21.0,-,21,10,45.0,10,0.2,457,29.0,6.3,,h,CNG,,202.33749999999998,3.531455575254026,-21.179166666666667,-0.36964619116196573
47,N5206,13,33,43.9,-,48,9,4.0,-3,1.1,322,10.0,3.47,0.28,rgb,Sh06,C,203.43291666666667,3.550574202768581,-48.151111111111106,-0.8403954273825139
48,"E270-17,RFGC2603",13,34,47.3,-,45,32,51.0,8,1.0,583,2.0,4.3,0.8,tf,K07,C,203.69708333333332,3.5551847808759325,-45.5475,-0.7949538410521172
49,"E444-78,UA365",13,36,30.8,-,29,14,11.0,10,2.1,363,1.0,5.25,0.43,rgb,K07,M,204.12833333333333,3.562711513275158,-29.23638888888889,-0.5102712475045977
51,"N5236, M83",13,37,0.1,-,29,52,4.0,5,0.8,304,4.0,5.16,0.41,rgb,K07,M,204.25041666666667,3.5648422694036346,-29.86777777777778,-0.5212910624762175
52,DEEP J1337-33,13,37,0.6,-,33,21,47.0,10,1.2,371,5.0,4.51,0.45,rgb,CNG,M,204.2525,3.564878630429718,-33.363055555555555,-0.5822951679702304
53,E444-84,13,37,20.2,-,28,2,46.0,10,1.7,380,4.0,4.61,0.46,rgb,CNG,M,204.33416666666668,3.56630398265218,-28.046111111111113,-0.4894969812690541
54,HIPASS J1337-39,13,37,25.1,-,39,53,52.0,10,-0.3,258,5.0,4.9,0.49,rgb,CNG,,204.35458333333335,3.566660320707796,-39.897777777777776,-0.6963475864512487
55,N5237,13,37,38.9,-,42,50,51.0,-3,2.1,126,5.0,3.4,0.23,rgb,K07,C,204.41208333333333,3.567663885027692,-42.847500000000004,-0.7478299512482705
56,N5253,13,39,55.8,-,31,38,24.0,8,0.0,190,4.0,3.6,0.2,rgb,Sa04,C,204.9825,3.5776195339692762,-31.64,-0.5522221753310059
57,"I4316,E445-06",13,40,18.1,-,28,53,40.0,10,2.4,382,12.0,4.41,0.44,rgb,CNG,M,205.07541666666665,3.579241235732588,-28.894444444444446,-0.5043031910901393
58,N5264,13,41,37.0,-,29,54,50.0,10,2.6,268,3.0,4.53,0.45,rgb,CNG,M,205.40416666666667,3.5849790056485196,-29.913888888888888,-0.5220958531868592
60,KK211,13,42,5.6,-,45,12,18.0,-5,1.5,340,23.0,3.58,0.36,rgb,CNG,C,205.5233333333333,3.587058856340479,-45.205000000000005,-0.7889760883640368
62,E325-11,13,45,0.8,-,41,51,32.0,10,1.1,307,4.0,3.4,0.39,rgb,CNG,C,206.25333333333333,3.599799759880038,-41.85888888888889,-0.730575432337582
66,"E174-01,KKs59",13,47,57.7,-,53,21,4.0,10,-1.5,432,6.0,6.0,,h,CNG,,206.99041666666665,3.612664290908279,-53.35111111111111,-0.9311525484862192
68,HIPASS J1348-37,13,48,33.9,-,37,58,3.0,10,-1.2,347,3.0,5.75,0.66,rgb,K07,,207.14125,3.6152968291967045,-37.9675,-0.6626578837509471
69,KK221,13,48,46.4,-,46,59,49.0,-3,0.6,270,33.0,3.98,0.4,rgb,CNG,C,207.19333333333333,3.6162058548487845,-46.996944444444445,-0.8202514189324128
70,E383-87,13,49,18.8,-,36,3,41.0,8,0.5,108,1.0,3.45,0.27,rgb,K07,C,207.32833333333335,3.618562049338977,-36.061388888888885,-0.6293899689532106
71,HIPASS J1351-47,13,51,22.0,-,47,0,0.0,10,-1.1,292,3.0,5.73,0.73,rgb,K07,,207.84166666666664,3.6275214061658807,-47.0,-0.8203047484373349
72,KKH86,13,54,33.6,+,4,14,35.0,10,-1.5,209,3.0,2.61,0.16,rgb,CNG,,208.64000000000001,3.6414549513609695,4.243055555555555,0.07405528978948162
73,E384-016,13,57,1.6,-,35,20,2.0,10,-0.3,350,32.0,4.53,0.31,rgb,K07,,209.25666666666666,3.6522178150816007,-35.33388888888889,-0.616692698644952
74,N5408,14,3,21.5,-,41,22,35.0,10,-0.5,288,7.0,4.81,0.48,rgb,CNG,,210.83958333333334,3.679844922699628,-41.37638888888889,-0.7221542186967094
75,"Circinus,E97-13",14,13,9.3,-,65,20,21.0,3,-0.7,204,10.0,2.82,0.28,tfi,K07,,213.28875000000002,3.722590944963056,-65.33916666666666,-1.1403835888426614
76,DDO187,14,15,56.5,+,23,3,19.0,10,-1.3,172,4.0,2.28,0.23,rgb,T06,,213.98541666666665,3.7347500720852826,23.05527777777778,0.4023905071841038
77,P51659,14,28,3.7,-,46,18,6.0,10,0.1,175,2.0,3.58,0.33,rgb,CNG,C,217.01541666666665,3.7876335484207106,-46.30166666666666,-0.8081165324942411
78,E222-10,14,35,3.0,-,49,25,18.0,10,-1.4,405,5.0,5.8,,h,CNG,,218.7625,3.818125904894095,-49.42166666666667,-0.8625708051564642
79,HIPASS,14,41,27.0,-,62,41,55.0,10,,441,3.0,6.1,,h,M04,,220.3625,3.8460511729260047,-62.698611111111106,-1.094297200316389
80,E272-25,14,43,25.5,-,44,42,19.0,8,-1.5,422,10.0,5.9,,h,CNG,,220.85625000000002,3.8546687361077265,-44.70527777777778,-0.7802542902408761
81,E223-09,15,1,8.5,-,48,17,33.0,10,-0.8,387,6.0,6.49,0.51,rgb,K07,,225.2854166666667,3.9319722775606425,-48.2925,-0.8428631290193616
82,E274-01,15,14,13.5,-,46,48,45.0,7,-0.8,335,5.0,3.09,0.23,rgb,K07,,228.55624999999998,3.9890590885112895,-46.8125,-0.8170322560898455
83,HIPASS J1526-51,15,26,17.0,-,51,10,4.0,,,416,,5.8,,h,M04,,231.57083333333333,4.041673493253702,-51.16777777777777,-0.8930461931510095
84,E137-18,16,20,59.3,-,60,29,15.0,9,-1.8,420,3.0,6.4,0.48,rgb,K07,,245.24708333333334,4.280369085079577,-60.487500000000004,-1.0557060313000701
85,"I4662,E102-14",17,47,6.3,-,64,38,25.0,9,-0.9,145,4.0,2.44,0.19,rgb,K06a,,266.77625000000006,4.656123928623524,-64.64027777777778,-1.1281856766259457
86,"Tucana,P69519",22,41,49.0,-,64,25,12.0,-2,-0.1,9,2.0,0.88,0.09,rgb,CNG,,340.45416666666665,5.9420461604668615,-64.42,-1.124341104134747
