,Name,PGC,RA,Dec,Dis,e_Dis_min,e_Dis_max,ref_dis,V_h,e_V_h,ref_V_h,Source,Type,e_V_LG,RA_radians,Dec_radians,cos_theta_CoM_CenA_M83_0.76,angular_distance_CoM_CenA_M83_0.76,dis_center_CoM_CenA_M83_0.76,e_dis_center_min_CoM_CenA_M83_0.76,e_dis_center_max_CoM_CenA_M83_0.76,major_infall_velocity_CoM_CenA_M83_0.76,e_major_infall_velocity_min_CoM_CenA_M83_0.76,e_major_infall_velocity_max_CoM_CenA_M83_0.76,minor_infall_velocity_CoM_CenA_M83_0.76,e_minor_infall_velocity_min_CoM_CenA_M83_0.76,e_minor_infall_velocity_max_CoM_CenA_M83_0.76
0,PGC1599237,PGC1599237,138.4131,19.6188,8.128305161640995,0.3300040564084057,0.3439689797649734,CF4,322.74875595669494,2.0,LEDA,,,2.0,2.415764322892163,0.005976228235311479,0.4412708216430794,1.1137819895644854,7.30009215853846,0.29233868884108016,0.30575675287697734,3983.8955003334145,7109.493929596645,7395.905809298265,295.8950776672267,6.58441868070264,6.815731775115978
1,PGC166152,PGC166152,196.2597,-40.0823,5.807644175213121,0.3374845462734024,0.3583058434016974,CF4,361.9355030193232,2.0,LEDA,,,2.0,3.4253779539763154,-0.01220976680511679,0.9945929227452651,0.10403804150721337,1.9881569297841748,0.39669387137867407,0.42023364652992856,59.37079245166773,80.50891031229524,84.78284032799166,65.30950215710779,7.610557756294192,7.593732974820043
2,KK189,PGC166158,198.1883,-41.832,4.21,0.17,0.17,-6,501.46315827146793,4.0,-7,stars,dSph,4.0,3.459038373930278,-0.012742755904517594,0.9975240521733081,0.07038423433453249,0.4343468731610756,0.14023080255404052,0.20324601550938187,268.9929943730856,2424.249055441186,3417.742695910789,168.04495724801944,85.70251383353903,29.358777886435945
3,PGC166163,PGC166163,200.2845,-31.5291,5.495408738576244,0.2473341360785239,0.2589906347953272,CF4,344.5713239817594,3.0,LEDA,,,3.0,3.495623965710583,-0.009604313090197113,0.9994262422890541,0.03387661688128281,1.6212014759889577,0.31792058967438197,0.3287558926213636,41.24085220272372,63.31051234128981,65.24693992891513,42.03715337750263,8.11583869751859,8.116933414493367
4,KK203,PGC166167,201.8681,-45.3524,3.78,0.25,0.25,-3,57.40932932841815,10.0,-7,stars,Tr,10.0,3.523262999745165,-0.013815131069134724,0.9999792371856423,0.006444049380191678,0.10472514586507678,0.07997917773360602,0.31991911066209977,252.93427704367608,15342.918483464982,58938.55879408216,239.3367025605068,498.52187995273033,21.34199998217389
5,KK221,PGC166179,207.1917,-46.9974,3.82,0.07,0.07,-1,267.8207857080964,13.0,-14,stars,dIrr,13.0,3.616177347804335,-0.014316226724683858,0.9962370028874196,0.08677971546620472,0.33972691750002837,0.009432550390725991,0.05166902309167565,163.25146055927175,839.2843391277115,2891.049012395195,30.82375715766988,19.380827783994466,17.928207999814582
6,PGC020125,PGC20125,106.3238,-58.5189,5.176068319505678,0.2556729626911664,0.2689582089185336,CF4,278.68704610944906,4.0,LEDA,,,4.0,1.855700383231947,-0.01782587632675642,-0.10250870641666214,1.6734854149868346,6.780791540627088,0.25563990488417687,0.26874960428979655,510.1665732425187,38.833376275089144,40.12950979932455,426.5185417840169,8.839447393223793,8.586010570715757
7,ESO558-011,PGC20171,106.7376,-22.0396,7.014552984199714,0.3157068900344519,0.3305856973714407,CF4,493.0354562113097,3.0,LEDA,,,3.0,1.8629225556766995,-0.006713646085131142,-0.0954692836250904,1.6664112324326426,8.334937092393018,0.31795853238690697,0.33282991952689756,641.8151704597321,48.48155313510142,50.01279289748573,602.5326775126346,6.156825288681148,5.938348630673772
8,UGC03755,PGC20445,108.4653,10.5211,7.516228940182051,0.1710902586109073,0.1750754626840427,CF4,188.80529607802544,2.0,LEDA,,,2.0,1.8930766091634055,0.00320491033531794,-0.06553652540618575,1.636379856731074,8.682516804004678,0.18881270850658183,0.19307057420393292,626.7788344408143,35.6550791984931,36.18865686239164,321.83535996391925,7.128500727794972,7.221625173594077
9,ESO059-001,PGC21199,112.8268,-68.1875,4.5289757990362105,0.0621398775265786,0.0630043293324806,CF4,246.7721819663658,4.0,LEDA,,,4.0,1.9691991444891384,-0.02077110031170619,0.010816672207553966,1.5599794436504117,5.932914186953342,0.09276312422823096,0.09429952171663292,465.5209533485129,24.022461054784273,24.307257802505973,382.63693152018175,7.436327097499543,7.3823796883706905
10,UGC03974,PGC21600,115.4808,16.8025,7.979946872679773,0.073160592681515,0.0738375393108983,CF4,162.279877513386,2.0,LEDA,,,2.0,2.0155201828370677,0.005118334195966171,0.056796839645337494,1.5139689060949286,8.673465698043394,0.09340381189495162,0.0946547364100816,744.2336271661163,39.45663550730708,39.88669921637849,265.11247725112156,6.077456369803372,6.16992436770596
11,PGC021614,PGC21614,115.632,16.5612,7.798301105232589,0.1069967023664952,0.1084851747656685,CF4,172.84758687488682,4.0,LEDA,,,4.0,2.018159120666083,0.005044830012571638,0.05943198342404334,1.5113293004235313,8.501971117391244,0.12371589521287163,0.1256021037123336,729.076518285608,43.08436837005625,43.58986361620211,275.8388671765924,8.228525989498337,8.308349857072471
12,UGC04115,PGC22277,119.259,14.391,7.691304402866094,0.1055286525742618,0.1069967023664952,CF4,222.34111983350223,6.0,LEDA,,,6.0,2.0814622126359175,0.004383749288150523,0.12246454768726024,1.4480235828781138,8.179960620416656,0.11854525883173217,0.12034791935382394,768.4419230200639,56.2426971993312,56.911942674449385,305.18082307056216,9.627588460067727,9.673039282156992
13,ESO495-021,PGC24171,129.0633,-26.4093,8.053784411990671,0.2554833067580819,0.2638532990360431,CF4,571.9098072004841,9.0,LEDA,,,9.0,2.2525795284891976,-0.008044732824373122,0.28980355036744004,1.276774753471444,7.862021006487274,0.23893795688852837,0.24692530226810394,699.2800728315781,189.66860903072367,194.21286707591557,563.7565455714443,9.721195233324579,9.442763679445534
14,ESO496-010,PGC24781,132.2749,-26.3215,8.394599865193978,0.3036408734101439,0.315036034366825,CF4,519.3701878521875,10.0,LEDA,,,10.0,2.3086325227462474,-0.00801798741491585,0.34296333162477455,1.2207265727955676,7.948956693296977,0.27843929542482293,0.28936379796485223,993.1338775887274,475.02557668139235,489.4038616683297,499.77618559180235,11.31710854098327,11.0616767043918
15,NGC2835,PGC26259,139.4703,-22.3546,11.857687481671608,0.8929055202397631,0.9656183448886236,CF4,602.0549205496354,2.0,LEDA,,,2.0,2.4342159437442477,-0.006809600572363956,0.4579002714177847,1.0951644588391956,10.654560648019078,0.8486267060221824,0.9301905628352518,-190.83781075136852,191.58103497596696,204.63687493901693,525.5230139749048,6.5726375294914305,5.928265704040541
16,NGC2915,PGC26761,141.5493,-76.6264,4.187935651179182,0.0574606312775713,0.0582599882839476,CF4,188.9964952055664,3.0,LEDA,,,3.0,2.470501338893209,-0.023341736255544247,0.489922356449604,1.0587956407517753,4.0838723413619915,0.06389284216129809,0.06499340980415713,470.4500014641655,63.847507987231396,64.69796744144226,241.75904373994206,7.1030336202865385,7.047283639594525
17,NGC2903,PGC27077,143.0421,21.5014,8.953647655495944,0.3635124404419798,0.3788953524739735,CF4,442.0650859129727,2.0,LEDA,,,2.0,2.496555613966981,0.006549700989801936,0.5122328895787315,1.0330136760702824,7.7220207748985485,0.3309322829318688,0.3516267593518885,-843.5213889978975,808.704736076489,846.8848671893932,371.059867990177,5.817166852875005,5.348167859051557
18,UGC05086,PGC27115,143.2034,21.4657,8.27942163712334,0.3361392898805242,0.3503638405463611,CF4,393.8593716230236,34.0,LEDA,,,34.0,2.4993708300504474,0.00653882614791555,0.514648426865541,1.030198773050304,7.108908567125004,0.2970090881042804,0.3170867966562092,-1887.8708077931117,3330.185881805442,3487.6798588546667,331.8426588374274,34.87487595020082,33.39539630643367
19,PGC2806961,PGC2806961,137.2236,14.5829,9.3756200692588,0.4631106879213451,0.4871747870533003,CF4,172.26569695583245,6.0,LEDA,,,6.0,2.3950036314396907,0.004442205371007593,0.4225713979069347,1.1345157216923263,8.497779814813708,0.4199845433134257,0.4482827118171233,-24467.141621636856,200654.64438974948,212142.54501735154,153.9489872755891,12.877867328690968,12.992859246128518
20,PGC2807061,PGC2807061,105.1176,-4.2071,6.516283940608428,0.2645570128515695,0.2757523855634183,CF4,110.49003755469128,4.0,LEDA,,,4.0,1.8346482217943914,-0.0012815559467846617,-0.123637099288322,1.694750601581258,7.986542887692137,0.27302671061542405,0.2842627940232827,540.2241631229122,39.83525446202435,40.906655532494156,274.8628205533123,10.956737429200814,11.021863071603264
21,PGC2807065,PGC2807065,116.525,-28.4263,5.675446054085469,0.230419525661258,0.2401702876692688,CF4,217.6799985617667,7.0,LEDA,,,7.0,2.0337449108863925,-0.008659146160082915,0.07514251774535735,1.4955829146740507,6.630834130380472,0.22358618771401595,0.23306721428156774,550.8542633484518,47.899141467529965,49.208056818380975,334.84413832773305,12.342967628252723,12.148197068555078
22,PGC2807150,PGC2807150,208.6396,4.2444,2.5468302525850426,0.2873944823640655,0.3239503294396515,CF4,206.5365849826047,3.0,LEDA,,,3.0,3.641447970043961,0.0012929181765427057,0.9936449184496878,0.11279915033219567,1.3812065688809656,0.369827767696987,0.34649875853711976,100.36703271264454,162.22007916248486,156.97069042003864,100.86857099286325,8.218393375689573,7.776810863231361
23,KKs54,PGC2815821,200.3829,-31.8864,3.75,0.1,0.1,-10,393.991542422248,11.0,-7,stars,Tr,11.0,3.4973413696945457,-0.009713152894286904,0.9994830444523013,0.032155873315655156,0.18004111137651682,0.057472638256544875,0.14754675573843154,-121.69749464365186,2393.7855699226448,5869.156646886342,-58.642887315662286,36.047430263962276,101.67174729235407
24,KKs55,PGC2815822,200.55,-42.7311,3.85,0.07,0.07,-1,282.3448050687075,14.0,-7,stars,Sph,14.0,3.500257814874628,-0.013016637426647822,0.9995741879802877,0.02918363385381658,0.11720493169776187,0.005989620386469538,0.09013746850035338,74.29568356770154,1258.291247586933,13601.389835119337,13.935226810716289,35.75826507156736,24.282837859145374
25,KKs57,PGC2815823,205.4079,-42.5797,3.84,0.47,0.47,-1,274.8249519203368,17.0,-7,stars,Sph,17.0,3.5850441646072606,-0.012970518349292116,0.9984532418608977,0.05562655925203715,0.21876266772132683,0.006184770641101817,0.39948598268396374,132.98697256885285,2214.3861163595475,40881.27023127402,21.238193686570952,60.8418103644674,31.725986500125842
26,KKs58,PGC2815824,206.5031,-36.3289,3.36,0.1,0.1,-10,255.9270951543958,5.0,-7,stars,dSph,5.0,3.6041590105751022,-0.011066415781689357,0.9972085806571145,0.07473578768944152,0.5874216993425586,0.14385848639648285,0.15658404090956113,53.29811068071027,205.9352658170317,221.78921181166407,51.73768562235431,9.365525047145582,9.406889994904816
27,UGC05288,PGC28378,147.8208,7.8283,11.27197456175511,0.6550189897678518,0.6954307513173266,CF4,374.551093721425,12.0,LEDA,,,12.0,2.579959662932034,0.0023846365473162907,0.5820479387090933,0.9495513882045516,9.549359250742357,0.6338705768059754,0.6805614732156631,-304.3997473923238,172.99056702093293,181.61419609478688,268.3779647647315,17.979332686029295,17.67950119166329
28,UGC05373,PGC28913,150.0001,5.3322,1.3995873225726183,0.0192030579697339,0.0194701991164747,CF4,111.89936479366617,2.0,LEDA,,,2.0,2.617995623320746,0.0016242810057866875,0.6125543567310154,0.9115081565241777,3.2204264190207805,0.07217842680370223,0.07390876154069703,250.0793158940809,22.286132372287415,22.619150649138962,250.95245475171234,5.44061376671749,5.343847418948798
29,PGC029033,PGC29033,150.4092,-8.2485,9.727472237769655,1.097686760099954,1.2373097236622073,CF4,202.20693400480775,3.0,LEDA,,,3.0,2.625135765290655,-0.0025126367871106657,0.6182298870767909,0.9043076833662888,7.937464916837918,1.0152739637318096,1.1775254381677964,-664.155078272435,653.4353903772519,743.747140874705,105.17561890719523,17.46232207473396,18.65236163109749
30,NGC3109,PGC29128,150.7786,-26.1595,1.3061708881318403,0.0530297131904253,0.0552737943341083,CF4,109.57324371604147,2.0,LEDA,,,2.0,2.6315830115475225,-0.007968639392910403,0.6233312879760452,0.8978006315049502,3.233164259591113,0.08539911894529606,0.08754641646681627,247.79433524923368,25.040179866328177,25.511532913764917,250.1327714405926,5.758520576619617,5.495372056414624
31,PGC029194,PGC29194,151.0165,-27.332,1.3365955165464416,0.0601567077350992,0.0629918060261767,CF4,65.34599654157512,3.0,LEDA,,,3.0,2.6357351498380166,-0.00832580331761032,0.6265749067937845,0.8936456650894685,3.217586890463522,0.08742313727203976,0.08974913886090086,277.40132264544184,28.889928783117774,29.482722116837486,264.81386921259826,6.728174288035973,6.707718452980487
32,UGC05456,PGC29428,151.8324,10.362,10.28016298126473,0.9904991134653685,1.0961098769695674,CF4,375.3594626295077,3.0,LEDA,,,3.0,2.6499752912050387,0.0031564457038298745,0.6374904668133918,0.8795596635830242,8.358915007412227,0.9359522127136097,1.0574106846783344,-200.60096104589968,162.2126932631281,178.75134690219778,253.53483606994297,12.466826269013268,12.385700391465946
33,PGC029653,PGC29653,152.7533,-4.6928,1.4125375446227544,0.0510928621568034,0.053010296333156,CF4,94.03202720967798,1.0,LEDA,,,1.0,2.6660480282866543,-0.001429508627575066,0.6498461192657734,0.8634143647180418,3.1523047316426442,0.08441211199747212,0.08667174213352169,257.7062405926208,26.276036401287648,26.798094257632492,252.15479082632856,5.466866265342446,5.428412915643889
34,PGC3097113,PGC3097113,207.8286,-46.9735,5.597576014951097,0.3009415760345248,0.3180403268036409,CF4,291.28721398120115,5.0,LEDA,,,5.0,3.6272933498102873,-0.014308946368350957,0.995212517374397,0.09789083213746187,1.7753942611018627,0.36001559618357315,0.37998628839211124,-14.203964214361351,29.762681637931745,30.81105148983418,-4.08276921540887,11.078395265202927,11.41929474551474
35,PGC3097708,PGC3097708,189.3995,-8.8671,9.549925860214357,0.429817466655269,0.4500741397856451,CF4,917.490311350293,5.0,LEDA,,,5.0,3.305644876631,-0.002701073122990724,0.9750252995025377,0.22396140018999183,5.829202105043238,0.4915734812671291,0.5118086931263619,634.6739250602171,197.96495943905038,205.78102356474986,624.7917080208445,10.109148689103108,9.978184123837991
36,UGC05797,PGC31693,159.855,1.7185,10.185913880541165,0.9814181630094492,1.0860606812139295,CF4,507.48760181177454,2.0,LEDA,,,2.0,2.789996075775535,0.0005234850359034587,0.73879588665948,0.739514428488105,7.771608077430974,0.9465987922198051,1.06628454323112,152.5601806715056,105.40548661730392,116.05341912524653,335.62722301139337,9.591214210962903,8.994140685557511
37,ESO376-016,PGC31961,160.8636,-37.0439,6.760829753919814,0.3042874635732682,0.3186280899215647,CF4,364.46306419038063,6.0,LEDA,,,6.0,2.8075994666111503,-0.011284217236836855,0.7506353494695613,0.7217731658792658,4.623593755023817,0.2652762716067585,0.2895239074133773,-115.58223131716925,115.7564058206872,121.47708340393555,224.9538189726872,11.514253792346807,10.475779082924447
38,NGC3351,PGC32007,160.9904,11.7035,9.727472237769655,0.1334659226103234,0.1353226185424603,CF4,624.0546821630431,2.0,LEDA,,,2.0,2.809812544102679,0.0035650899724737443,0.7519616881372854,0.7197634460745641,7.273511040691683,0.15814441518133648,0.1609352267970081,351.41670476464026,56.313460962228994,57.031027663206935,440.96015736942354,5.084832559450888,4.862212036446692
39,NGC3368,PGC32192,161.6904,11.8198,10.91440336448757,0.4431178839785694,0.4618694937467449,CF4,739.3049155288525,2.0,LEDA,,,2.0,2.8220298488666398,0.003600516978394938,0.7599565498298968,0.707550063494115,8.354509672576588,0.4581446641867828,0.47999231411085574,489.29035220916313,131.65611923371378,136.91302267678026,544.5323380894843,5.593523793975464,5.129394793042479
40,NGC3377,PGC32249,161.9265,13.9856,10.185913880541165,0.0933850197743204,0.0942491007235659,CF4,541.8622481604492,11.0,LEDA,,,11.0,2.826150571230598,0.004260257386168992,0.7626179103495725,0.7034456381916373,7.649449266417674,0.12431146010329552,0.12557498548421808,216.1828147628277,44.868492294749124,45.08548850140496,357.6978394686053,14.056638239348388,13.85437522490588
41,ESO318-013,PGC32250,161.9232,-38.8537,6.760829753919814,0.123399049900728,0.1256932095229395,CF4,409.4999110311934,7.0,LEDA,,,7.0,2.8260929753652824,-0.01183551384316684,0.7627260547562387,0.7032784352905697,4.554448580746779,0.12104003151206921,0.1267270459917409,31.90460340001063,47.21881115989784,47.57801183982302,256.74518349044223,9.536990071506551,8.885943663940623
42,NGC3379,PGC32256,161.9566,12.5816,11.066237839776658,0.1014558783448134,0.102394638028942,CF4,759.1833558135661,6.0,LEDA,,,6.0,2.8266759153354486,0.0038325745287884527,0.7629639460570932,0.7029105136209732,8.4841651566937,0.13523215711525083,0.1363853678802407,513.0342095072547,56.661960274426804,57.079132592955006,562.09675921031,8.861105636902607,8.682366913177816
43,NGC3384,PGC32292,162.0705,12.6294,9.204495717531715,0.0843873239726136,0.0851681502676466,CF4,414.5289015306474,6.0,LEDA,,,6.0,2.82866384535347,0.0038471352414542574,0.7642469524181058,0.7009234593256041,6.72147072930294,0.11148980624655103,0.11293255328224294,28.561677668705762,23.387709525280812,23.4262792430511,242.38999762740647,9.614049858121348,9.44543491042623
44,NGC3621,PGC34554,169.5687,-32.814,6.8233869414167,0.2770252007439451,0.2887481951165949,CF4,438.1185984775583,3.0,LEDA,,,3.0,2.959532123326509,-0.009995716012881057,0.8419770311781671,0.5698590439911342,4.126032594270122,0.265839271855822,0.285783864821088,144.99283214335912,88.68138101282656,93.17295591130707,240.46524471270803,7.711675420639608,6.7615716835616695
45,NGC3627,PGC34695,170.0625,12.991,11.015393095414156,0.4957743571819328,0.5191394827967795,CF4,584.4903960939342,2.0,LEDA,,,2.0,2.9681505591728565,0.003957284900449131,0.8464644598307526,0.5614867011627594,8.001165556591822,0.5258579859297665,0.5517488975483005,281.3082512426554,80.11503010425326,83.41422221410589,358.2776835870657,7.089062298738611,6.8809335348360605
46,ESO320-014,PGC36014,174.4716,-39.2206,5.861381645140288,0.1069822717687163,0.1089712206980788,CF4,362.1827864744439,4.0,LEDA,,,4.0,3.0451038712225387,-0.011947277974486581,0.8850084689956212,0.4842841256571272,3.025152610370687,0.11408637664019317,0.12062103963855764,39.68979541299263,35.3104759980554,35.99958115549968,159.5033715502756,8.148301406118293,7.454193977724458
47,ESO379-007,PGC37369,178.6798,-33.5588,5.321082592667939,0.1687961468503775,0.1743261459083047,CF4,364.5552165369644,3.0,LEDA,,,3.0,3.118550816804964,-0.010222595067138195,0.9167815616114556,0.41085028044668875,2.34721151570399,0.15025328131917748,0.1673765726948928,72.57664864482975,75.6233844855727,80.74297727798667,144.90774505175148,7.635016716208128,6.110979371456523
48,ESO572-034,PGC37727,179.742,-19.0299,10.28016298126473,0.3718435323370528,0.3857982310378318,CF4,871.5065883944192,4.0,LEDA,,,4.0,3.1370897041196475,-0.005796839036799086,0.9240073006628214,0.3923650727555276,6.855975084718067,0.4210135232083534,0.4357693970941856,612.5554118158309,145.4646002043863,150.15493416348704,602.254219553367,8.348761713373733,8.260574494278899
49,ESO379-024,PGC38252,181.2362,-35.7431,5.345643593969718,0.2405935942156567,0.2519324209813893,CF4,355.49713053756994,6.0,LEDA,,,6.0,3.163168413802947,-0.010887970897178302,0.9336832485957495,0.3662321179328183,2.212495256667633,0.21193656552289486,0.24138084946169913,56.872293718670775,79.94673454711426,86.61059610506524,124.44265379847691,11.897409084684412,9.75557148899189
50,ESO321-014,PGC39032,183.4571,-38.231,3.2508729738543423,0.1463133857259904,0.1532089231556668,CF4,334.83817945052454,3.0,LEDA,,,3.0,3.201930431160489,-0.011645828575865658,0.9468591696998048,0.32746991934117076,1.3187954919513851,0.07611359321152,0.10462410825815494,-22.38174319716794,29.950913080047705,34.35982885969351,77.08113897504651,16.18462331653469,14.238992454440023
51,IC3104,PGC39573,184.692,-79.7259,2.301441817408507,0.0210997454080899,0.0212949789485978,CF4,170.2163054273379,4.0,LEDA,,,4.0,3.223483502093367,-0.02428589794817315,0.953504912431251,0.306136967874209,1.8243343004468093,0.08141453277286748,0.08339637738070582,152.55965342758225,42.31652744154369,43.049293918744546,150.01118661695062,7.8094474623639485,7.923832694301012
52,HIPASSJ1247-77,PGC3994669,191.8908,-77.5826,3.388441561392023,0.2551558370764417,0.2759341850863102,CF4,153.80087704155716,4.0,LEDA,,,4.0,3.349126264285935,-0.023633011432344298,0.9837275970185125,0.1806473212666915,0.8194172384319852,0.1295290336077738,0.21822546060097137,227.2487513350516,619.324039993223,951.9250952391492,122.34185897485617,52.51387801649666,27.575282622740986
53,NGC4298,PGC39950,185.3867,14.6061,14.521116175877411,1.27770082393077,1.4009710946342704,CF4,1029.6399299357238,5.0,LEDA,,,5.0,3.2356083044069717,0.004449272495146644,0.9570154984524666,0.2942652730514918,10.864688969600868,1.336014665912332,1.459965968945987,739.824115159833,267.71798787612175,291.51312860305825,744.415120572266,9.878654182962691,9.666287513643624
54,PGC040045,PGC40045,185.5317,15.7992,9.078205301781855,1.0244208897911982,1.1547246210256912,CF4,1205.550487550194,2.0,LEDA,,,2.0,3.2381390318223637,0.004812711538694166,0.9577393418393386,0.29175921390497705,5.475526094031731,1.0596370128877561,1.198187663243866,968.4122418786184,709.3146388080436,798.7235714168248,913.5381670974544,13.184058105332383,9.83293938176746
55,NGC4328,PGC40209,185.8333,15.8205,14.521116175877411,1.5194203955445076,1.6969847977118668,CF4,386.3495026105897,10.0,LEDA,,,10.0,3.2434029448463786,0.004819199889735623,0.9592375367148525,0.28650460123837945,10.853154566366213,1.5767032098449931,1.7554617747900636,72.58404763390146,45.53936346282903,48.89860786985406,103.48999066425365,15.861699336765327,16.010710076195537
56,UGC07512,PGC40563,186.4212,2.1593,11.587773561551264,0.4191410837456395,0.4348707846228556,CF4,1352.9823866604595,2.0,LEDA,,,2.0,3.253663735518853,0.0006577603945454399,0.9621422658578503,0.2760400092730998,7.923899834710577,0.4811112717470216,0.4964164476792927,1088.5556012792217,215.3139163010046,222.12689796499134,1062.6038484766132,7.326854378372673,7.183730412377599
57,NGC4413,PGC40705,186.6342,12.6106,14.723125024327189,0.2687273168679063,0.273723330696539,CF4,-10.63572754312996,4.0,LEDA,,,4.0,3.2573812868256007,0.003841408433962267,0.9631028972274516,0.2724931613157352,11.034145047269524,0.3347683608222525,0.3387515630287048,-336.066147209638,38.169317697897746,38.582111655108264,-293.75469536644357,9.189290330044969,9.206533203990887
58,6dFJ0956376-092911,PGC4078671,149.1567,-9.4863,9.162204901219992,0.4525690016591888,0.4760853350197056,CF4,372.585703880873,41.0,LEDA,,,41.0,2.6032755164094263,-0.002889692229322654,0.6009068865464824,0.9261611272647822,7.501395069718178,0.42297506969756427,0.45324404204415103,-367.3241886655675,334.3758822480029,346.4389087833267,273.5399801912155,44.0366141933836,42.58887337544263
59,NGC4455,PGC41066,187.1837,22.8215,6.456542290346557,0.2621315395787409,0.2732242724966216,CF4,586.8174603145833,3.0,LEDA,,,3.0,3.2669718710653095,0.00695182644566237,0.9655820490647251,0.26312436545488294,2.890441577903111,0.30092917268591757,0.3166055695404406,323.3973307164598,199.0686539872813,208.2642895570378,302.90994987448664,8.581423209746788,8.023832287564119
60,PGC041395,PGC41395,187.7652,1.6758,9.204495717531715,0.5747102398620143,0.6129837126681341,CF4,954.300795500947,4.0,LEDA,,,4.0,3.277120960665657,0.0005104778720785662,0.9682652496389168,0.2526025911134108,5.531646444280918,0.629705187201667,0.6694460649708445,682.4209372624621,292.4739703213018,310.1487054527807,663.5849583509114,9.779368676697459,9.329186532853441
61,NGC4437,PGC41618,188.1895,0.1146,8.165823713585919,0.4390178626289032,0.4639617640837823,CF4,971.9534132923036,2.0,LEDA,,,2.0,3.284526392681869,3.49091563075568e-05,0.9700929936411425,0.24518270041178067,4.4998950591400915,0.4921820495396272,0.5189422108714759,712.3044429023201,322.9947962041967,339.87010656554094,678.0213227727801,8.876090233133255,8.111096114070506
62,PGC042120,PGC42120,189.3085,-10.4979,9.594006315159332,0.3043424473599696,0.314313133768346,CF4,562.4539150109454,8.0,LEDA,,,8.0,3.3040566270116853,-0.003197843211178888,0.9746761336157976,0.22552816734072006,5.875015201872184,0.3677415833976081,0.37725648078145824,262.96589828100565,71.28460791696715,72.8456403331557,273.8289762032194,12.976886002669573,12.899620677837333
63,NGC4592,PGC42336,189.8281,-0.532,8.669618757582173,0.3519810465554585,0.3668759796408452,CF4,913.540450785043,2.0,LEDA,,,2.0,3.313125357805048,-0.000162056467326529,0.9766311947817437,0.21661206589293505,4.949377452106941,0.4129955457033221,0.42801028870613056,635.5444113426186,207.84277072699876,215.23416433657837,619.3850184203617,7.467705471363956,7.2471509267794545
64,NGC4594,PGC42407,189.9976,-11.623,9.120108393559102,0.3298832252502475,0.3422632200988236,CF4,891.2959455963941,5.0,LEDA,,,5.0,3.3160836908871785,-0.0035405682701809137,0.9772959431846425,0.2134970405288312,5.389590840172827,0.39282563664649217,0.40493222790138894,608.0820278678525,170.87343969041603,175.96860165472177,597.6228200993704,10.090985729388422,9.991164823245413
65,NGC4600,PGC42447,190.0958,3.1177,9.078205301781855,0.2879801334730167,0.297414767476944,CF4,713.2988929334658,30.0,LEDA,,,30.0,3.3177976042126365,0.0009497057296690214,0.9776095130100112,0.21201200510534796,5.346115823222364,0.35153220675353225,0.3605519515494393,421.7673780757121,137.41834772023932,140.12672125902884,421.5492030991477,34.45689249398691,34.40621102428844
66,ESO381-018,PGC42936,191.1772,-35.9666,5.321082592667939,0.1211226273327836,0.1239439357562721,CF4,362.7240705102898,8.0,LEDA,,,8.0,3.3366715947437036,-0.010956052890500632,0.9814828183160795,0.1927413460291658,1.6842094838318833,0.16304033298496656,0.17019961806957196,66.07567937861985,68.97939735828493,71.08803804807741,83.92373292879304,12.873489988972182,12.075401863770594
67,ESO381-020,PGC43048,191.5017,-33.8381,5.345643593969718,0.1216817039785205,0.1245160349700009,CF4,335.3851605115155,3.0,LEDA,,,3.0,3.342335188166425,-0.010307674712484624,0.982550893893412,0.18708334388084472,1.6932427496417821,0.16558567504770827,0.17239983170164752,32.27817311658778,35.389116458532065,36.35141857704983,57.77762269274579,8.858533093364173,8.577784230272776
68,PGC043072,PGC43072,191.5638,10.2055,9.418895965228415,0.9075155832046456,1.0042783287046235,CF4,1031.9282546517231,2.0,LEDA,,,2.0,3.343419037631913,0.003108773077633255,0.9826393974579051,0.18660690313521514,5.650592182309754,0.9667299983232356,1.0651570673873296,747.236957854262,453.76643178498995,498.99263613357755,734.9801110949078,8.14966195928605,7.473645719286196
69,SDSSJ124936.90+215505.7,PGC4343356,192.4035,21.9178,6.338697112569274,0.2852883650301372,0.2987335914498237,CF4,491.0819518190804,4.0,LEDA,,,4.0,3.35807456736091,0.006676543683401121,0.9851841303248986,0.172351964942434,2.601070812784277,0.33901118515100004,0.3550701869818469,198.5751422780012,150.37313608714794,156.85095566641365,199.08855378611142,8.720634129314135,8.455258737232043
70,PGC043851,PGC43851,193.4868,-12.1059,8.953647655495944,0.5590477903019657,0.5962782047184252,CF4,634.8316892688551,2.0,LEDA,,,2.0,3.3769817191477642,-0.0036876680221959155,0.98837028610102,0.15265861113333865,5.150951666096326,0.6242203578932992,0.6613506117370438,335.99378430631214,153.79086399544104,162.57582008676786,338.0353245810492,7.019689241200183,6.897792963688687
71,ESO443-009,PGC43978,193.7232,-28.3408,5.834451042737443,0.2881939131583388,0.3031690089104923,CF4,407.5512652825407,4.0,LEDA,,,4.0,3.381107677499479,-0.00863310137069115,0.989017184574388,0.14834404753007818,2.076156027215516,0.33917430164116946,0.3584641357391445,109.56800754506769,122.01813450402582,128.15661444938866,115.68490952419899,9.316668116963555,8.825107357897153
72,PGC044055,PGC44055,193.9185,19.2092,4.720630412635907,0.149748516487155,0.1546544883979592,CF4,362.2979751987631,4.0,LEDA,,,4.0,3.384516305528624,0.0058514569401668425,0.9893623398170242,0.14599023142580694,1.045723303625639,0.1710222987112765,0.19047387877176392,72.98016247397015,161.63024310513956,176.92248288337902,76.11826109792197,8.504817149242655,7.188458120713008
73,NGC4826,PGC44182,194.1825,21.682,4.30526610491711,0.0590704654539804,0.0598922174845553,CF4,363.5384530831522,4.0,LEDA,,,4.0,3.3891239747538893,0.006604714895815415,0.9900034996153342,0.14151466304913238,0.716567946171295,0.067669432669906,0.0832971115030956,106.41305256145247,268.24268439989504,318.5171684435591,73.44796456436251,8.361092095447617,8.266494727395852
74,UGC08091,PGC44491,194.6678,14.2173,2.137962089502231,0.1056050785660098,0.1110925163335481,CF4,138.35590541530493,2.0,LEDA,,,2.0,3.3975940576138175,0.004330837242333572,0.9911917435971778,0.13282483020030098,1.785240220224086,0.17577836490215337,0.17285240844398886,168.39971219455958,80.3333345718555,80.03920638888873,167.06981659871408,7.134719840674819,7.058122298709691
75,PGC044681,PGC44681,194.9857,-19.4114,7.112135136533295,0.2887481951165949,0.3009672764758857,CF4,619.1440888098103,2.0,LEDA,,,2.0,3.4031424593059074,-0.005913050582447715,0.9920198321923117,0.12641838710332104,3.2978566009384376,0.35435458248483576,0.3663914551379168,322.96599357397895,163.25690654972067,168.68702705160592,320.3138159643222,7.062445620530639,6.971029964031061
76,PGC044982,PGC44982,195.5598,-17.2378,5.623413251903491,0.1783867234792797,0.1842309233096299,CF4,549.4505821792959,2.0,LEDA,,,2.0,3.4131623945416067,-0.005250934158799325,0.9932276459745405,0.11644751599261467,1.824546686296443,0.23870766798227128,0.2458984129508881,259.53462101633426,234.0134581736483,240.78279009168165,249.11441361423684,7.976594288009295,7.50301149843591
77,PGC045084,PGC45084,195.8199,-17.4229,5.888436553555893,0.2390668054328637,0.2491834980920524,CF4,546.5745310070763,2.0,LEDA,,,2.0,3.417701995926044,-0.005307318843201844,0.9937443318034916,0.11191247767288333,2.076697271517301,0.300780458765016,0.31207656535969175,252.75729848195965,227.8766443319882,236.12922465812144,246.74126451441643,7.593962501304276,7.237866730175597
78,ESO269-037,PGC45104,195.8883,-46.5869,3.07609681474071,0.0975803853115189,0.1007772559090631,CF4,481.4448467815048,6.0,LEDA,,,6.0,3.418895801134408,-0.014191181273861415,0.9938965384224359,0.1105412177413023,0.8915581254644342,0.15008531782338408,0.15498513921098223,-189.35307731496908,318.73635509499843,328.52741997693613,-141.70633908149378,18.104536669669386,21.88621620060873
79,NGC4945,PGC45279,196.3638,-49.4679,3.388441561392023,0.0464911611308842,0.0471379176067228,CF4,299.57034892643287,3.0,LEDA,,,3.0,3.4271948417276414,-0.015068784060266922,0.9947752450009887,0.10226740464158911,0.617107377145865,0.09015252780822869,0.09887901785857911,6.521198223659296,24.704489539983538,26.038220134366984,21.615526227636046,9.203365864069053,8.555338260175517
80,ESO269-058,PGC045717,197.6333,-46.9908,3.75,0.02,0.02,-1,140.480657571108,18.0,-5,HI,dIrr,18.0,3.449351796581709,-0.014314216249713265,0.996793693689281,0.08010020196278779,0.3327321755105006,0.026457837166160403,0.047706550631231914,378.03133091915265,1884.7459985289438,3167.453029389325,80.74307781553684,43.96211539692837,42.510774532102644
81,ESO269-037,PGC045916,195.8875,-46.5842,3.15,0.09,0.09,-1,481.44617087796087,2.0,-2,HI,dIrr,2.0,3.418881838500392,-0.01419035880682799,0.9938950002718244,0.11055515996895295,0.8275220615074216,0.13709193732664826,0.14556426749390416,-192.9418299631923,347.3953838021763,366.1790340121025,-136.60239901418643,15.708075432591897,20.197436925543627
82,ESO269-068,PGC45917,198.2985,-43.2649,3.6475394692560754,0.0334408428599437,0.0337502671692355,CF4,393.5879863045817,96.0,LEDA,,,96.0,3.4609617267659756,-0.013179242205329967,0.997657009484982,0.06846759848555493,0.34815872880510623,0.06086091840521046,0.07900553429883223,-128.00319378406277,892.6811475088186,1100.190031443296,-42.94387592309369,92.66507532732814,66.35251388883171
83,HIPASSJ1348-37,PGC4614882,207.1396,-37.9681,5.520774392807576,0.1751307988378583,0.1808683299999023,CF4,359.0333691434523,6.0,LEDA,,,6.0,3.6152680312640464,-0.01156574465620373,0.9963180373651004,0.08583966834531169,1.686455621942305,0.23993321189495087,0.24613191350082397,56.580041431167594,66.71350145936002,68.16478340042494,60.762357724667794,11.226236178473464,11.111656157112407
84,NGC5068,PGC46400,199.7295,-21.0392,5.035006087879052,0.2044180674813205,0.2130685146186781,CF4,471.2759125948975,2.0,LEDA,,,2.0,3.4859373883620144,-0.006408906818376519,0.9990395320445828,0.043831991617782486,1.169396149134467,0.2720866878675462,0.281077652113358,170.47932893634217,355.8250769087209,367.4753813057598,168.30721986423333,7.60292859737487,7.230018347720829
85,PGC046663,PGC46663,200.4461,-45.0624,3.872576449216176,0.1055384593770814,0.1084952563187977,CF4,489.7242678067538,15.0,LEDA,,,15.0,3.4984444177818057,-0.013726792017396575,0.9995186470843271,0.031028745943143702,0.12065010957210405,0.0022922054505285644,0.10133985759363599,-2029.5345424687337,59596.66404757602,1228039.0913952566,-1.9324050067705998,165.06444252742514,177.35254517962426
86,NGC5102,PGC046674,200.4875,-36.6297,3.74,0.39,0.39,-3,227.00435746184783,18.0,-12,HI,Sa,18.0,3.4991669840921316,-0.0111580447015612,0.9995420855460987,0.03026382017450066,0.182745340629104,0.06547514800095008,0.43117653126350153,97.43695570504146,2196.1284263093094,12552.012967780658,64.32364727715338,154.61420073270995,34.89119619659347
87,KK197,PGC046680,200.5086,-42.5359,3.84,0.04,0.04,-1,395.554618859966,3.0,-7,stars,dSph,3.0,3.4995352485643023,-0.012957176106305457,0.9995529224247364,0.02990354133862832,0.1227737633373533,0.008830754679885144,0.06994052885451986,-259.63340308324774,3999.3579789147143,26946.736128600627,-21.520365610436368,52.235549816715206,82.04477443240307
88,PGC046885,PGC46885,201.1501,-30.9719,4.6558609352295885,0.126885136193378,0.1304399879967919,CF4,267.1640070408422,3.0,LEDA,,,3.0,3.510731535715846,-0.00943458026389196,0.9998222431138476,0.018855352166099116,0.778225565537323,0.19770162652379586,0.2004885412707107,-36.522049330390296,119.86102718688844,121.53505042307113,-35.489175092513925,8.191181342509502,8.296202449838976
89,PGC4689210,PGC4689210,161.7216,12.7444,9.594006315159332,0.9642208374896306,1.0719548971432469,CF4,491.7149059126178,5.0,LEDA,,,5.0,2.8225743915932617,0.0038821662447297294,0.7603061244551291,0.7070120655292507,7.105127748322044,0.9228204905408441,1.0482427485370582,146.6751588980813,115.35230947587492,127.40890501940157,313.98391367996993,12.857153529820835,12.006805554515665
90,NGC5128_CenA,PGC46957,201.3672,-43.0181,3.597493351557425,0.0656616536378527,0.0668823949209076,CF4,305.7401480132788,6.0,LEDA,,,6.0,3.5145206455219253,-0.013104062626126607,0.9998882780035732,0.014948182283446122,0.28971724623620676,0.13290141639903386,0.13609222125226328,-2.34119315926461,40.57142222351857,41.26968335576659,-1.4122904315304217,11.246902226848647,11.1656471100321
91,IC4247,PGC47073,201.6852,-30.3625,5.05824662003114,0.0923234055277779,0.0940398257864219,CF4,200.07164065693897,8.0,LEDA,,,8.0,3.5200707925432675,-0.00924894640827394,0.9999526993637619,0.00972635688575607,1.1772613022227458,0.16438199225950179,0.1648120733706795,-103.43365807548312,137.16948776448885,137.7234700385514,-103.17170230525373,13.060304930184344,13.067255417644986
92,ESO324-024,PGC047171,201.9042,-41.4806,3.78,0.09,0.09,-1,271.4628537463437,18.0,-12,HI,Sdm,18.0,3.523893063605135,-0.012635713343204544,0.9999844565085785,0.005575577402991701,0.10399129195657335,0.08272656799581664,0.16082772235691273,32.62386152847257,2027.694075342571,3871.570204689368,31.590622746921216,82.75044811331,23.339539148005265
93,NGC5206,PGC047762,203.4292,-48.1511,3.21,0.01,0.01,-1,334.06263174088883,6.0,-13,stars,S0âˆ’,6.0,3.5505093346980487,-0.014667663841891783,0.9997739653769419,0.02126232060931199,0.6759541169125821,0.08037336610116141,0.08179087297847087,-30.738715779372964,53.330472375485414,54.07038692832479,-29.708288204685438,11.094756536335645,11.09655315600909
94,ESO270-017,PGC47847,203.6951,-45.5473,6.792036326171846,0.1546056221527605,0.1582068497161248,CF4,584.1532218775575,4.0,LEDA,,,4.0,3.5551501651791013,-0.013874501004251152,0.9996672283881763,0.02579883988163889,2.913274982376685,0.22655302792401377,0.2288692773495251,281.0621067442724,111.05160732913848,112.34694591119117,280.9517752498061,9.035267095141592,9.034145039849307
95,ESO444-078,PGC48029,204.1284,-29.2354,5.2966344389165805,0.0726725489253832,0.0736835247859524,CF4,361.5920088935722,2.0,LEDA,,,2.0,3.562712676827993,-0.008905612114432339,0.9994414681111642,0.03342405988385032,1.422953230329448,0.1439008734873426,0.14377250375052708,58.43844265396729,51.439063236014825,51.50115707844071,59.037312364765974,7.050468741448192,7.0360206411182915
96,NGC5236_M83,PGC48082,204.2536,-29.8656,4.7863009232263805,0.087359837174227,0.0889839778074774,CF4,296.30810907553007,2.0,LEDA,,,2.0,3.56489782905149,-0.009097582012381924,0.9993669228758896,0.035584938756831885,0.9174379464146826,0.15683334192680853,0.15793556815152232,-7.4137783376713,20.645709260045223,20.75550606668535,-5.201707171970925,7.245581857478664,7.29418752236667
97,NGC5237,PGC048139,204.4083,-42.8475,3.33,0.02,0.02,-1,122.00983783484256,4.0,-4,HI,BCD,4.0,3.567597853404325,-0.013052094894310995,0.9992709107401012,0.03818842422303702,0.5685982328919089,0.0879220937244331,0.09001408160232338,186.19881347212302,414.33575702625325,423.69007460767165,177.93129845538184,10.42042006905595,9.914778896276829
98,NGC5253,PGC048334,204.9792,-31.64,3.55,0.03,0.03,-3,192.8282666470973,3.0,-4,HI,Sdm,3.0,3.5775619381039605,-0.00963809516205146,0.9988390818395828,0.04819009964319151,0.37692162289234804,0.08538405910443009,0.09279910650186468,124.33417005929374,669.1638066189422,723.739456291959,102.95529241367848,14.518013861945121,11.170117302837298
99,IC4316,PGC48368,205.0761,-28.8942,4.24619563946313,0.0775018047597724,0.0789426708869562,CF4,371.1400987060895,3.0,LEDA,,,3.0,3.579253162149143,-0.008801676650801116,0.9987540115636588,0.04992488898759849,0.4169861722833341,0.12171516328942267,0.1357435165514136,78.10969883129086,557.2539361089707,617.2877860675446,67.35051260698877,12.369953536521841,9.269711487886767
100,NGC5264,PGC48467,205.4031,-29.9127,4.677351412871984,0.1483756138357739,0.1532366075257467,CF4,269.38290371162884,2.0,LEDA,,,2.0,3.5849603888031645,-0.009111929492853877,0.9984544310271615,0.055605166443151,0.8301003882630691,0.20881466813092364,0.21711372731496814,-36.262885381503935,116.43891495140531,120.65560434914673,-28.018333254440844,8.261785866638409,9.076312328296321
101,KK211,PGC048515,205.5208,-45.205,3.68,0.14,0.14,-1,359.7712151411396,31.0,-14,stars,Sph,31.0,3.5870146413327624,-0.013770230461458161,0.9983406368625167,0.05761635627140603,0.2968513372260998,0.07686134504142181,0.16985650892508786,-79.63705847911888,881.5335383982929,1788.8032936044356,-24.264841259280466,48.44848703525141,47.91494010899365
102,ESO325-011,PGC48738,206.2542,-41.8597,3.3265955329400443,0.0607172112166862,0.0618460284519786,CF4,313.136387131782,3.0,LEDA,,,3.0,3.5998148860668886,-0.012751193807045683,0.9975235600010254,0.07039123241359961,0.6100661227501807,0.11769200550008058,0.12302012458718625,-9.696926642204412,34.86620050723808,35.99054159679637,0.17582912976945078,9.341497839723944,9.574495853027011
103,ESO215-009,PGC490287,164.375,-48.1839,5.345643593969718,0.073344979741492,0.0743653100465246,CF4,288.7753994138102,2.0,LEDA,,,2.0,2.868884957965679,-0.014677655293260788,0.7896959308286281,0.6604831191404928,3.2970861095603596,0.05575829654903952,0.06102864383674822,-731.5311663588524,636.7708933294698,669.2408343252271,168.45716823431476,5.702760535488949,5.115775220431999
104,ESO383-087,PGC049050,207.325,-36.0614,3.19,0.03,0.03,-1,107.69664987897346,2.0,-4,HI,Sdm,2.0,3.6185038716972437,-0.010984930621896411,0.9960350200895349,0.08907977168811064,0.7594389558687442,0.09124849972060578,0.09464271900738808,211.45426548014012,292.4295554085754,302.29573811515496,185.50735177958111,10.479049422884316,9.43463528932503
105,ESO384-016,PGC49615,209.2559,-35.3329,4.385306977749858,0.0601686673997718,0.0610056969412324,CF4,293.5820954417323,9.0,LEDA,,,9.0,3.6522044342240023,-0.010763016831581797,0.9924721455654467,0.12277881092139326,0.7140272263874483,0.08534086359407178,0.09767079301606485,-18.261038595826378,64.46604409238458,70.06774419991169,19.114823706082674,15.018296896390087,13.152308170973086
106,NGC5398,PGC49923,210.34,-33.0637,12.13388850464978,1.0676506648731046,1.1706556751311332,CF4,1016.1780893951212,3.0,LEDA,,,3.0,3.6711255486448726,-0.010071778982601795,0.9899765164942669,0.14170584635559783,8.309128614628062,1.1354515447378635,1.2378922953225437,718.0238015181362,299.59559253632983,326.02247985225046,717.0812782999562,8.013751447756817,7.947582609975598
107,NGC5408,PGC50073,210.8383,-41.3766,5.199959965335156,0.1649538774561119,0.1703579983673684,CF4,286.4530212783943,3.0,LEDA,,,3.0,3.6798225243075606,-0.012604033131546729,0.988712787718948,0.15038956048869684,1.480972430309008,0.2089368549644428,0.22013632616407963,-23.735342556623042,37.81253229748037,39.22394279117192,5.4100143041724005,10.162361379481283,10.501297350139684
108,AGC205315,PGC5057800,162.4683,12.5392,10.0,0.4939520634371828,0.5196187382322233,CF4,630.5210466907047,8.0,LEDA,,,8.0,2.835606765117903,0.003819658750189496,0.7687053354159225,0.6939818134230321,7.4424027026770165,0.4988588511024705,0.5295296319843823,354.5481034144474,136.11668215272687,142.51986413246814,439.2708501660951,11.990794027573202,11.296704652431288
109,AGC174585,PGC5060050,114.0429,9.9864,7.550922276654341,0.3729793639407202,0.3923600705884746,CF4,216.9121262104047,8.0,LEDA,,,8.0,1.9904240935226414,0.0030420314009579866,0.031753212043633794,1.5390377763789187,8.37992631413085,0.3606570543365848,0.37992359858299984,682.2602218344099,60.90509490070498,63.04233590955127,324.1264289070194,14.259456330345586,14.243283265397281
110,AGC174605,PGC5060076,117.5904,7.7944,9.3756200692588,0.1711243517270837,0.1743057909555556,CF4,195.56997073552807,8.0,LEDA,,,8.0,2.05233964873714,0.0023743100167855215,0.09354047267488239,1.4771189038175039,9.806211955717247,0.17898931484970682,0.1823169746933715,930.4746172895108,72.69062110080853,73.69084104835731,272.7090509109723,11.79769781802446,11.87274568683506
111,ALFAZOAJ1952+1428,PGC5060431,298.0491,14.4733,8.203515443298183,0.5122110404320894,0.5463223089761797,CF4,520.8113117871994,6.0,LEDA,,,6.0,5.201938127605832,0.00440881930179897,-0.10158766230883942,1.6725595372605917,9.425274205407245,0.5014633439807863,0.5357814330774406,712.247108257543,67.75269977117846,71.06851392875441,626.8743936434894,9.619010868246619,9.254409962374098
112,AF7448_001,PGC5067080,344.8981,16.7654,7.798301105232589,0.6533378444774582,0.7130792767911824,CF4,619.7884329127609,6.0,LEDA,,,6.0,6.019607428872654,0.005107032889692085,-0.7952246639969162,2.4901743564435965,11.136721087583217,0.7021875158757016,0.7629368830900063,879.4758420610514,117.78644549026087,126.84252777751372,880.4927229357413,10.587205758836262,10.428617749746081
113,DDO187,PGC50961,213.9854,23.0556,2.249054606,0.041049873,0.041813047,CF4,171.6896690498379,2.0,LEDA,,,2.0,3.734749781197074,0.007023137383634438,0.9788170052781882,0.20619508538479775,1.7423096659945945,0.10512266136524695,0.10653720673162459,140.34261233114253,47.18451731359371,47.76943461669496,139.83014154630487,6.6761077902473005,6.694120227771947
114,ANTLIAB,PGC5098252,147.2337,-25.99,1.3931568029453023,0.0627023849672128,0.0656574573300463,CF4,82.16399874981988,6.0,LEDA,,,6.0,2.569712834893575,-0.007917006740256556,0.5737928750461593,0.9596668412882174,3.2867927378604787,0.0819142050165822,0.08470083654877447,273.25367959778,28.85961604721931,29.47856691102972,263.6840887722549,6.849738995916994,7.011328602671824
115,PGC051659,PGC51659,217.0149,-46.3052,3.5318316979195674,0.3549576272697998,0.3946176560764289,CF4,177.05685608498544,2.0,LEDA,,,2.0,3.7876245308862426,-0.014105370546707498,0.9668540813235821,0.25818854839422595,1.0155324097910108,0.042462762225685236,0.18303839872998418,287.51288379571207,457.9102756458196,1104.1501792551146,100.94627425207754,54.37355811995362,31.775604792570448
116,NGC5643,PGC51969,218.1696,-44.1745,12.13388850464978,0.5993559264388448,0.6304995834636671,CF4,981.322461657002,14.0,LEDA,,,14.0,3.807777847759021,-0.013456322210367959,0.9615138763111922,0.2783363168466964,8.4689348230135,0.6602510617363571,0.6912552885321812,696.3772705404501,186.4451382561399,194.33328818077558,694.6019435211243,18.586742304131576,18.565270043424903
117,ESO222-010,PGC52125,218.7626,-49.4217,3.07609681474071,0.1248875880743223,0.130172509764757,CF4,404.30037235400897,4.0,LEDA,,,4.0,3.818127650223347,-0.015054710735472777,0.9586162538374116,0.2886949061002472,1.2796169257621752,0.10620177230197414,0.12442109958487979,-115.4335263262327,105.89298593509666,118.71571164359311,17.413530316695603,22.390147064032416,23.93522401454253
118,ESO272-025,PGC52591,220.8561,-44.7051,3.8194427084004654,0.1550669619221332,0.1616289971345059,CF4,427.0300864543019,3.0,LEDA,,,3.0,3.8546661181138484,-0.013617952213306786,0.9475802738345908,0.32522056871607385,1.2483018619345168,0.029486557210191222,0.036615700257080386,-481.3551908991186,761.661670491092,854.0187458260111,112.0987446975042,26.54539792184339,22.242666314576837
119,ESO223-009,PGC53639,225.2858,-48.2918,6.165950018614819,0.0565297695590993,0.0570528330767734,CF4,389.13703775550346,2.0,LEDA,,,2.0,3.931978967989441,-0.014710523512855775,0.9200731564084242,0.40252913829940196,3.007245963209476,0.09048494910921878,0.09262319475646352,91.7090339607144,32.559595330133355,32.9994998362612,154.98718432672314,6.223698061495924,5.8999302354052645
120,ESO274-001,PGC54392,228.5559,-46.8091,2.7289777828080406,0.098709790912657,0.1024142129913361,CF4,336.7381227481352,3.0,LEDA,,,3.0,3.989052979858908,-0.01425886726453802,0.8962319790391409,0.45959555001196395,1.878144531627619,0.08962706285423638,0.09936250756481324,2.105757473401914,10.784977026139936,10.839875436512417,97.50701730458286,13.530951981820067,13.101924058775296
121,ESO137-018,PGC57888,245.2464,-60.4876,5.72796030985829,0.2071859170507135,0.21496127629743,CF4,421.1910299748804,5.0,LEDA,,,5.0,4.280357158663021,-0.018425576641090517,0.7310955262106948,0.7508700587872567,3.919999478689212,0.15241454569604862,0.16971235177968902,57.989171308079634,213.04791373027166,221.12518941174318,286.84493644732447,5.8630039550893684,4.234585440421199
122,AGC229385,PGC5809449,188.0429,20.4233,10.616955571987242,0.9341770093747516,1.0243047221176609,CF4,1282.311904148924,4.0,LEDA,,,4.0,3.281967739998445,0.006221292949529886,0.969376989688589,0.248115272124806,6.920026999224402,0.9900883940364302,1.0819454054078017,1014.3935669605524,485.06450821036685,528.8724502016739,989.0404591297921,10.543424469870274,9.769544900770256
123,PGC592761,PGC592761,204.3561,-39.8887,4.965923214503362,0.2452928018674551,0.2580386754878354,CF4,257.1678840073249,3.0,LEDA,,,3.0,3.566686791534784,-0.012150792872646083,0.9993058662751206,0.03726161680205879,1.0964212383310152,0.3130350866957683,0.3263811637666034,-47.09125604305982,131.95406714634524,137.2575587844862,-44.13418182665604,8.512978466790905,8.911198611386176
124,IC4662,PGC60849,266.7892,-64.6391,2.4888573182823914,0.0228179810480511,0.0230291132271887,CF4,143.0251565214582,3.0,LEDA,,,3.0,4.6563499487616555,-0.019690195859335034,0.42955822218408624,1.1267928190573142,3.600347603727886,0.06050182773577184,0.06171780762664136,309.73053767973323,26.146110445859033,26.485319505880682,269.65736667705613,5.605751477058163,5.503240178531314
125,IC4710,PGC61922,277.1581,-66.9822,7.211074791828994,0.1965218076292805,0.2020276211801732,CF4,580.0755373737172,4.0,LEDA,,,4.0,4.837321393571695,-0.020403944935637273,0.2600508460009981,1.3077214665668648,7.246323749547932,0.18773325811518582,0.19297286085064158,550.9379606621745,96.40119481887024,98.2990634915017,580.4595011218848,5.257630470831373,4.846983867040308
126,ESO104-022,PGC62572,283.9215,-64.8114,8.749837752274363,0.2384573702505914,0.2451380630259887,CF4,653.1521628997509,4.0,LEDA,,,4.0,4.95536499220108,-0.019742681440764284,0.14454543044134366,1.425742763761263,9.044826839592718,0.23632950960841725,0.24288848257777218,722.3187214595621,85.60637799211953,87.26664297763678,679.119286508334,5.380845093298149,5.264419738667584
127,NGC6744,PGC62836,287.4413,-63.8577,9.162204901219992,0.4123671489456413,0.4318014139393398,CF4,716.9197499807566,16.0,LEDA,,,16.0,5.016797091212777,-0.0194521678075137,0.08353588939672,1.4871629753878464,9.64739143770246,0.4001386486381122,0.4194358160926619,753.8512900052235,91.84079630790714,94.80077127452424,754.7765873215196,16.52958177481355,16.28808241523609
128,ESO104-044,PGC62869,287.8461,-64.219,9.506047936562815,0.7562101842884541,0.8215661210511573,CF4,639.7233196767561,8.0,LEDA,,,8.0,5.02386218402485,-0.019562226081282635,0.07649632615293675,1.4942251980615764,9.989376382699872,0.7167742753571602,0.783087076519223,805.803964493722,135.2523759765973,144.68130956068237,685.5685299735632,10.78088729720912,10.061374102350442
129,ESO594-004,PGC63287,292.4959,-17.679,1.056817509213659,0.0382261211595407,0.0396606869295257,CF4,20.961319136108045,3.0,LEDA,,,3.0,5.105016503584082,-0.005385331364409221,-0.004732368252103894,1.575528712710987,4.027885780460762,0.0785482186900599,0.08028994816651025,314.5234627788344,17.12072262424919,17.36389614354633,298.37151898443767,6.5667048791193565,6.425128414094331
130,IC4870,PGC63432,294.4065,-65.8119,8.317637711026714,0.1893325493857194,0.1937426709970573,CF4,739.3521393973028,3.0,LEDA,,,3.0,5.138362764272686,-0.020047451169260884,-0.03788465638025861,1.6086900513409166,9.311157218500611,0.2040506950125618,0.20868106718814516,735.2744530857966,41.21970195406416,41.845449392568504,808.8951736995239,5.72868244280869,5.421159878628487
131,ESO461-036,PGC64054,300.9889,-31.6816,6.886522963442766,0.2795884833668012,0.2914199492708551,CF4,474.9728374464815,6.0,LEDA,,,6.0,5.25324731695596,-0.009650767246714586,-0.1522982743181181,1.7236895862851367,8.40445269171892,0.29003118630224556,0.301954296493431,640.475241588388,46.98787783808272,48.30171272642146,600.595251730614,9.047803340713472,8.82444441984569
132,IC4951,PGC64181,302.3822,-61.8506,8.994975815300352,0.561628237657601,0.5990304998589799,CF4,701.1600588517907,3.0,LEDA,,,3.0,5.277564989423998,-0.018840770184259798,-0.17614887222293696,1.7478690952504372,10.40570785068499,0.5585388219350111,0.596244043764683,812.6886782105036,79.46716304678466,83.58736023598355,811.5578650908043,5.798303617929719,5.447205233859108
133,IC5052,PGC65603,313.0212,-69.2014,5.370317963702524,0.1463560737113267,0.1504564291050423,CF4,445.1229485379823,3.0,LEDA,,,3.0,5.463250568543675,-0.021079951913627937,-0.3547539584101725,1.9334472234936069,7.661536919283596,0.1823874116315043,0.1870653030993905,610.7534409715862,35.580295709926155,36.24577879380918,621.1810331521709,6.735154163695711,6.530434577731057
134,NGC7090,PGC67045,324.1205,-54.5576,9.289663867799362,0.2531691305763441,0.2602619924149927,CF4,784.8149652267527,4.0,LEDA,,,4.0,5.6569698982102805,-0.016619195341755332,-0.5281215117780097,2.12718321715889,11.809087727185473,0.2958208061955503,0.3036604804333649,964.6897778637903,56.23435706323092,57.43062617308736,979.4030564606435,7.833156592304135,7.683601875156796
135,PGC677373,PGC677373,204.2511,-33.3625,4.446312674691084,0.2967722483474544,0.3179971933630661,CF4,370.71630514606767,4.0,LEDA,,,4.0,3.5648541958201903,-0.010162798667634065,0.9993709169173307,0.03547249783490752,0.5834541876553827,0.3407731303412048,0.3818561323513985,69.67038133510877,658.0337730792021,733.5333873651861,68.13467548178288,14.097138093562982,9.131473184744948
136,IC5152,PGC67908,330.6723,-51.2966,1.914255925021086,0.0349391082178167,0.0355886747369587,CF4,74.95786533311275,2.0,LEDA,,,2.0,5.771320380142446,-0.015625837935830875,-0.6215421203506585,2.2415060414899086,5.2886243179007275,0.0965463473685011,0.09834127798318626,364.9744670719141,19.877668832138724,20.125411596839708,352.2804608322768,6.809287781434591,6.787914417564764
137,PGC683190,PGC683190,173.2957,-32.9624,5.470159628939719,0.1490770362717697,0.1532536229637724,CF4,419.00085156396,9.0,LEDA,,,9.0,3.0245805445483374,-0.010040921237977405,0.8752639830629536,0.5048149602245328,2.796468860490656,0.12855745309602185,0.14146315298541579,195.4649537924877,169.2862432217696,178.99055234720942,212.2356510457986,9.6021585009712,8.361442294711907
138,ESO238-005,PGC68672,335.627,-48.404,7.834296427662114,0.1783303585495561,0.1824842062146761,CF4,671.0847259727723,3.0,LEDA,,,3.0,5.857796208591009,-0.014744701587355845,-0.6868636336611896,2.32796114021313,10.872936822116333,0.2325935975083233,0.23773567568742315,897.2081251694968,46.25665057287881,47.08493776861353,906.5776003178867,7.35197508691283,7.26678616209972
139,Tucana,PGC69519,340.458,-64.4206,0.899497,0.0164176811,0.0167229086,CF4,72.71737359679341,4.0,LEDA,,,4.0,5.942113064754855,-0.019623636953111638,-0.7454751218795719,2.412043709287099,4.591637643139405,0.08382552785404851,0.08538396078886379,360.7025643321196,21.261261960241068,21.50611222207717,360.8815113031566,8.30531425712229,8.310384967302014
140,PGC704814,PGC704814,359.6696,-31.4676,3.58096437102636,0.1295269776677949,0.1343879199453623,CF4,298.6776201374474,89.0,LEDA,,,89.0,6.277418739330997,-0.009585579118880232,-0.9233131756287335,2.7474162440056693,7.318504044442289,0.1964059082057119,0.2024836833480439,589.6835780884228,120.24684486358979,121.2128350997946,590.4156426645111,92.1653732467106,92.18961786372631
141,ESO407-018,PGC71431,351.616,-32.3886,2.1677041048196948,0.0784079739656538,0.0813505010160842,CF4,98.75639937518632,3.0,LEDA,,,3.0,6.136856902692381,-0.00986613176250379,-0.8604764663559873,2.6070004446451893,5.852190952311719,0.14337555704449922,0.147469957443068,395.4895933971265,26.970040664299766,27.511649828580083,390.8996880995282,7.949272496941774,7.926944801548018
142,ESO347-017,PGC71464,351.7344,-37.3469,8.241381150130017,0.2980988028872016,0.3092859787168009,CF4,701.5918119974459,3.0,LEDA,,,3.0,6.138923372526743,-0.011376516315032226,-0.8614947493293952,2.6090024617711487,11.751978936846609,0.36007326271372087,0.37238831749731993,971.5013894513032,66.9138874396077,68.90109982612053,975.171998938508,7.759769509455396,7.700467792345194
143,IC5332,PGC71775,353.6145,-36.1016,8.790225168308838,0.3956253031148744,0.4142705492228771,CF4,719.5419162012231,3.0,LEDA,,,3.0,6.171737307793489,-0.010997176242171837,-0.8776816526969707,2.6417993792464114,12.33823983626303,0.4576600101434689,0.47743917463591323,994.7096370143204,80.92273256787324,84.0340080391427,996.4888466366915,7.7704313615336105,7.709391831141147
144,ESO471-006,PGC72228,355.9379,-31.9593,4.265795188015924,0.1542979769707004,0.1600885356103356,CF4,301.5033746976255,9.0,LEDA,,,9.0,6.212288287634325,-0.009735359504189356,-0.8963944125566505,2.6823634221208614,7.9342114807684245,0.21943557370064593,0.22640451901793934,590.6905066223004,45.86830642181124,46.88603329174164,588.992013884258,13.741871316128595,13.707877114177222
145,ESO149-003,PGC72675,358.0122,-52.5774,6.854882264526615,0.1560361703613528,0.1596707196730991,CF4,513.0813795328969,5.0,LEDA,,,5.0,6.248491652308443,-0.01601599192709369,-0.9116840620237664,2.718160483957565,10.51550197060049,0.2225093435815939,0.2273734291521805,800.4213034072039,43.73742190456715,44.47354936329213,799.4637838797809,9.816157222300262,9.807745527893417
146,NGC7793,PGC73049,359.4573,-32.591,3.7670379898390873,0.1026622433607542,0.1055384593770805,CF4,251.3447350500452,3.0,LEDA,,,3.0,6.273713405329013,-0.00992778632826862,-0.9218788046020948,2.7436979793250624,7.497975215124914,0.170085647525684,0.1742022042081537,545.5521464235525,32.61078613200264,33.20472924163931,543.836488266568,7.926742707099038,7.918521798632014
147,PGC083339,PGC83339,161.7369,12.9992,9.418895965228415,0.5473358448487993,0.5811040347715828,CF4,684.943862469527,4.0,LEDA,,,4.0,2.8228414269688167,0.003959782763291383,0.7604783506123037,0.7067468835830021,6.940785960743561,0.5387108300614774,0.5799041606740101,460.0537485780117,205.59099086026035,218.56735462194183,494.75026310506985,7.3238284878221975,6.2709010280843245
148,PGC086635,PGC86635,187.0206,22.2908,6.165950018614819,0.2503336768600803,0.2609271545553753,CF4,543.8845760031791,1.0,LEDA,,,1.0,3.264125239055307,0.006790165980981564,0.9648426519243634,0.2659522816966695,2.626866570867327,0.2832028400087152,0.2998161956991945,281.2603230853108,194.32218553228952,204.35057559408258,262.40150613971906,6.603228459995876,5.925373469862734
149,PGC086644,PGC86644,192.9423,21.7357,5.834451042737443,0.2110377908339522,0.2189577048016833,CF4,534.5922765158924,4.0,LEDA,,,4.0,3.367478401370655,0.006621072851257962,0.9867448786843454,0.1630000509549441,2.1007975443586018,0.2632669237961287,0.27415209110626826,251.04257224032102,209.12910458661602,217.03730051977467,239.14912827314635,9.676431702694344,9.216701146783123
150,PGC086668,PGC86668,135.725,20.0747,8.629785477669701,0.2737552953572226,0.2827239036677529,CF4,366.4228116062054,3.0,LEDA,,,3.0,2.368848127269304,0.006115103316992239,0.39870355570087684,1.1606935815314015,7.92648248271429,0.2483592833800916,0.25680733988687443,2827.1868809578805,2736.7195489747123,2818.113768650204,344.2715580393952,6.317365878371106,6.452468657382099
151,PGC086669,PGC86669,139.8764,21.6036,9.078205301781855,0.4880700867279053,0.5158010133774766,CF4,385.3390495026796,6.0,LEDA,,,6.0,2.441303725836596,0.006580832890104138,0.46403040380389526,1.088256605421101,8.048449751419135,0.43907461810141957,0.47424564571208805,-3031.5665403316,6962.381124321308,7416.555105959015,335.9314659472841,10.816949128503609,10.228168432155428
152,dw1322-39,,200.6336,-39.906,2.95,0.05,0.05,-10,413.2054799786679,10.0,-7,stars,dIrr,10.0,3.501716910129295,-0.012156062754008393,0.9996162341266746,0.02770524938991387,0.936478980232243,0.1201810396616001,0.12164919453949186,-110.06127825952356,132.7691673151504,134.1879819445988,-108.22432246333506,15.203350836709063,15.247748114848108
153,dw1323-40a,,201.2233,-40.7612,3.73,0.15,0.15,-10,207.09992829132892,14.0,-7,stars,dSph,14.0,3.5120091167283056,-0.012416571571409987,0.9998482791843695,0.01741979634324551,0.16561712451501917,0.09916725034747213,0.21404364048974897,104.73289800337874,3305.702472876059,6936.11142477883,90.02933073270933,169.7994208275566,24.331032573129804
154,dw1323-40b,,200.9809,-40.8361,3.91,0.61,0.61,-10,253.4071477365777,12.0,-7,stars,dSph,12.0,3.507778438621471,-0.012439387416152012,0.999765662650632,0.021649318800929625,0.08893875136900664,0.005752413028659059,0.6258258223535201,-163.02424327092456,7127.183407883098,331384.8618703636,-10.149906855932548,55.59794350629959,77.41579259656022
155,dw1341-43,,205.4032,-43.8553,3.53,0.04,0.04,-10,397.6570800215953,14.0,-7,stars,dSph,14.0,3.5849621341324167,-0.013359088329972041,0.99845732299556,0.055553106299260045,0.4074590269775812,0.09121326877563957,0.10031637057777576,-106.80727024699787,550.5503741394783,600.4178970849574,-71.47165104743037,23.93579404916167,26.68169544896815
156,dw1342-43,,205.6837,-43.2548,2.9,0.14,0.14,-10,273.317743244596,8.0,-7,stars,Tr,8.0,3.5898577826842604,-0.013176165569390124,0.9981738866553382,0.06044285560964279,1.0024942852736158,0.2046180196033841,0.20804278547349164,31.06479743705301,63.38708428802914,64.15712386280343,33.001238268304974,13.26674133923369,13.12882436822077
157,CoM_CenA_M83_0.76,,202.22105221846184,-0.683075358910343,3.881774486782389,0.07086921768658254,0.07218677481368435,,303.40547805189834,5.040000000000001,,,,,3.5294231780595426,-0.011921914052227471,1.0,0.0,0.0,0.0,0.1430559925002672,0.0,0.0,,0.0,0.0,
