,Name,PGC,RA,Dec,Dis,e_Dis_min,e_Dis_max,ref_dis,V_h,e_V_h,ref_V_h,Source,Type,RA_radians,Dec_radians,cos_theta_CoM_CenA_M83_0.76,angular_distance_CoM_CenA_M83_0.76,dis_center_CoM_CenA_M83_0.76,e_dis_center_min_CoM_CenA_M83_0.76,e_dis_center_max_CoM_CenA_M83_0.76,major_infall_velocity_CoM_CenA_M83_0.76,e_major_infall_velocity_min_CoM_CenA_M83_0.76,e_major_infall_velocity_max_CoM_CenA_M83_0.76,minor_infall_velocity_CoM_CenA_M83_0.76,e_minor_infall_velocity_min_CoM_CenA_M83_0.76,e_minor_infall_velocity_max_CoM_CenA_M83_0.76
0,PGC1599237,PGC1599237,138.4131,19.6188,8.128305161640995,0.3300040564084057,0.3439689797649734,CF4,444.0,2.0,LEDA,,,2.415764322892163,0.005976228235311479,0.4412708216430794,1.1137819895644852,7.30009215853846,0.29233868884108016,0.30575675287697734,8547.36163172183,15085.379184140933,15699.869677484965,412.065601573739,12.197679883952048,12.638707080771951
1,PGC166152,PGC166152,196.2597,-40.0823,5.807644175213121,0.3374845462734024,0.3583058434016974,CF4,615.0,2.0,LEDA,,,3.4253779539763154,-0.01220976680511679,0.9945929227452651,0.10403804150721337,1.9881569297841748,0.39669387137867407,0.42023364652992856,73.8382447197392,98.32971298622249,103.64511265300203,86.4181102723437,8.442177130089021,8.743693699071315
2,KK189,PGC166158,198.1883,-41.832,4.21,0.17,0.17,-6,753.0,4.0,-7,stars,dSph,3.459038373930278,-0.012742755904517594,0.9975240521733081,0.07038423433453249,0.4343468731610756,0.14023080255404052,0.20324601550938187,286.7652841754566,2583.603085164609,3642.7365648292403,189.61752894412027,86.82509913581808,27.717663623385704
3,PGC166163,PGC166163,200.2845,-31.5291,5.495408738576244,0.2473341360785239,0.2589906347953272,CF4,571.0,3.0,LEDA,,,3.495623965710583,-0.009604313090197113,0.9994262422890541,0.03387661688128281,1.6212014759889577,0.31792058967438197,0.3287558926213636,29.551851480493053,47.659726823671704,49.04730776382632,31.382727454347396,8.248421474375927,8.314149105363828
4,KK203,PGC166167,201.8681,-45.3524,3.78,0.25,0.25,-3,306.0,10.0,-7,stars,Tr,3.523262999745165,-0.013815131069134724,0.9999792371856423,0.006444049380191678,0.10472514586507678,0.07997917773360602,0.31991911066209977,241.9582073997066,14677.784398411299,56381.594191569,229.32702823392552,477.722801136841,20.77777142324217
5,KK221,PGC166179,207.1917,-46.9974,3.82,0.07,0.07,-1,507.0,13.0,-14,stars,dIrr,3.616177347804335,-0.014316226724683858,0.9962370028874196,0.08677971546620472,0.33972691750002837,0.009432550390725991,0.05166902309167565,161.60649430076697,831.6362457801418,2862.726778391519,50.94350366193508,19.070236336671535,14.817127480919126
6,PGC020125,PGC20125,106.3238,-58.5189,5.176068319505678,0.2556729626911664,0.2689582089185336,CF4,564.0,4.0,LEDA,,,1.855700383231947,-0.01782587632675642,-0.10250870641666214,1.6734854149868346,6.780791540627088,0.25563990488417687,0.26874960428979655,920.7261885830978,63.344576450655765,65.68378121681505,815.8651268351102,9.552372562057599,8.957871516449018
7,ESO558-011,PGC20171,106.7376,-22.0396,7.014552984199714,0.3157068900344519,0.3305856973714407,CF4,735.0,3.0,LEDA,,,1.8629225556766995,-0.006713646085131142,-0.0954692836250904,1.6664112324326426,8.334937092393018,0.31795853238690697,0.33282991952689756,1119.7964508367907,77.32318827055241,79.99479363330802,946.840030668976,8.418642766736298,8.051713345158078
8,UGC03755,PGC20445,108.4653,10.5211,7.516228940182051,0.1710902586109073,0.1750754626840427,CF4,314.0,2.0,LEDA,,,1.8930766091634055,0.00320491033531794,-0.06553652540618575,1.636379856731074,8.682516804004678,0.18881270850658183,0.19307057420393292,1115.2843956162712,55.444742034697704,56.39418513918023,553.7436762434587,9.525699961681994,9.613936179070492
9,ESO059-001,PGC21199,112.8268,-68.1875,4.5289757990362105,0.0621398775265786,0.0630043293324806,CF4,530.0,4.0,LEDA,,,1.9691991444891384,-0.02077110031170619,0.010816672207553966,1.5599794436504117,5.932914186953342,0.09276312422823096,0.09429952171663292,829.0493115235355,36.63713215798367,37.14432854930497,750.5336593949086,7.424396227739749,7.274799995517924
10,UGC03974,PGC21600,115.4808,16.8025,7.979946872679773,0.073160592681515,0.0738375393108983,CF4,272.0,2.0,LEDA,,,2.0155201828370677,0.005118334195966171,0.056796839645337494,1.5139689060949286,8.673465698043394,0.09340381189495162,0.0946547364100816,1330.3309467164402,60.2621909772787,61.03093756484677,457.3142781226878,7.998148338169756,8.10018363415594
11,PGC021614,PGC21614,115.632,16.5612,7.798301105232589,0.1069967023664952,0.1084851747656685,CF4,284.0,4.0,LEDA,,,2.018159120666083,0.005044830012571638,0.05943198342404334,1.5113293004235313,8.501971117391244,0.12371589521287163,0.1256021037123336,1304.3742944938242,66.72328325091908,67.62765335271844,470.4299453695148,10.475911666462082,10.56633832178602
12,UGC04115,PGC22277,119.259,14.391,7.691304402866094,0.1055286525742618,0.1069967023664952,CF4,350.0,6.0,LEDA,,,2.0814622126359175,0.004383749288150523,0.12246454768726024,1.4480235828781138,8.179960620416656,0.11854525883173217,0.12034791935382394,1386.9114572123149,88.5767780775324,89.78465623894377,503.29924520065134,11.934048083879873,11.98818995050675
13,ESO495-021,PGC24171,129.0633,-26.4093,8.053784411990671,0.2554833067580819,0.2638532990360431,CF4,859.0,9.0,LEDA,,,2.2525795284891976,-0.008044732824373122,0.28980355036744004,1.276774753471444,7.862021006487274,0.23893795688852837,0.24692530226810394,1485.150949017742,359.1627757739372,368.8140005272324,863.6066643827251,12.152010534862711,11.790758312365597
14,ESO496-010,PGC24781,132.2749,-26.3215,8.394599865193978,0.3036408734101439,0.315036034366825,CF4,809.0,10.0,LEDA,,,2.3086325227462474,-0.00801798741491585,0.34296333162477455,1.2207265727955676,7.948956693296977,0.27843929542482293,0.28936379796485223,2091.6808621912514,926.2036299961293,956.4863383167119,787.1474116518214,14.109971533856083,13.78209005286351
15,NGC2835,PGC26259,139.4703,-22.3546,11.857687481671608,0.8929055202397631,0.9656183448886236,CF4,887.0,2.0,LEDA,,,2.4342159437442477,-0.006809600572363956,0.4579002714177847,1.0951644588391956,10.654560648019078,0.8486267060221824,0.9301905628352518,-930.3489069559911,775.1090177469987,838.7572350011823,760.5450578496469,11.430282880687173,11.031781497376528
16,NGC2915,PGC26761,141.5493,-76.6264,4.187935651179182,0.0574606312775713,0.0582599882839476,CF4,465.0,3.0,LEDA,,,2.470501338893209,-0.023341736255544247,0.489922356449604,1.0587956407517753,4.0838723413619915,0.06389284216129809,0.06499340980415713,699.6144950995931,87.87226820019154,89.13700145517853,502.87618524727793,6.762945816321178,6.509258118443881
17,NGC2903,PGC27077,143.0421,21.5014,8.953647655495944,0.3635124404419798,0.3788953524739735,CF4,555.0,2.0,LEDA,,,2.496555613966981,0.006549700989801936,0.5122328895787315,1.0330136760702824,7.7220207748985485,0.3309322829318688,0.3516267593518885,-2816.9550308914745,2545.18766788922,2672.690910630182,451.2197385466705,11.307988055639669,11.13513014789487
18,UGC05086,PGC27115,143.2034,21.4657,8.27942163712334,0.3361392898805242,0.3503638405463611,CF4,507.0,34.0,LEDA,,,2.4993708300504474,0.00653882614791555,0.514648426865541,1.030198773050304,7.108908567125004,0.2970090881042804,0.3170867966562092,-5256.256996940312,8518.143098968227,8956.641758634807,419.12648225294646,40.755404713932535,39.564127916553105
19,PGC2806961,PGC2806961,137.2236,14.5829,9.3756200692588,0.4631106879213451,0.4871747870533003,CF4,318.0,6.0,LEDA,,,2.3950036314396907,0.004442205371007593,0.4225713979069347,1.1345157216923263,8.497779814813708,0.4199845433134257,0.4482827118171233,-43174.95244190521,353462.56708236365,373734.2265562859,284.36449496413195,18.348299249926015,18.723141109099743
20,PGC2807061,PGC2807061,105.1176,-4.2071,6.516283940608428,0.2645570128515695,0.2757523855634183,CF4,290.0,4.0,LEDA,,,1.8346482217943914,-0.0012815559467846617,-0.123637099288322,1.694750601581258,7.986542887692137,0.27302671061542405,0.2842627940232827,983.3959409051489,64.77823791193713,66.72856064035923,571.7470649592321,13.5023744335233,13.466939864337178
21,PGC2807065,PGC2807065,116.525,-28.4263,5.675446054085469,0.230419525661258,0.2401702876692688,CF4,493.0,7.0,LEDA,,,2.0337449108863925,-0.008659146160082915,0.07514251774535735,1.4955829146740507,6.630834130380472,0.22358618771401595,0.23306721428156774,967.709986350646,76.06351649875543,78.36294584074989,682.3585599954379,13.745658391997495,13.269670690601743
22,PGC2807150,PGC2807150,208.6396,4.2444,2.5468302525850426,0.2873944823640655,0.3239503294396515,CF4,285.0,3.0,LEDA,,,3.641447970043961,0.0012929181765427057,0.9936449184496878,0.11279915033219567,1.3812065688809656,0.369827767696987,0.34649875853711976,263.87322163470685,413.1323511297603,399.3312744052142,259.16436647619804,11.809815946206584,8.75689033149763
23,KKs54,PGC2815821,200.3829,-31.8864,3.75,0.1,0.1,-10,621.0,11.0,-7,stars,Tr,3.4973413696945457,-0.009713152894286904,0.9994830444523013,0.032155873315655156,0.18004111137651682,0.057472638256544875,0.14754675573843154,-106.86021351799242,2104.5689682218203,5156.225014437462,-45.57167825431188,36.2161181633866,92.4274808009099
24,KKs55,PGC2815822,200.55,-42.7311,3.85,0.07,0.07,-1,530.0,14.0,-7,stars,Sph,3.500257814874628,-0.013016637426647822,0.9995741879802877,0.02918363385381658,0.11720493169776187,0.005989620386469538,0.09013746850035338,40.484259007356414,716.0364194760224,7441.880723952294,18.113735976234036,28.070262891740065,15.78630976756627
25,KKs57,PGC2815823,205.4079,-42.5797,3.84,0.47,0.47,-1,511.0,17.0,-7,stars,Sph,3.5850441646072606,-0.012970518349292116,0.9984532418608977,0.05562655925203715,0.21876266772132683,0.006184770641101817,0.39948598268396374,142.6185246561436,2367.4527098615586,43834.77735825171,34.511079619176044,70.25804978423054,25.289293128810932
26,KKs58,PGC2815824,206.5031,-36.3289,3.36,0.1,0.1,-10,477.0,5.0,-7,stars,dSph,3.6041590105751022,-0.011066415781689357,0.9972085806571145,0.07473578768944152,0.5874216993425586,0.14385848639648285,0.15658404090956113,72.60185028362416,276.5058320477324,298.101828581312,74.5701483385307,10.235372746604412,8.907445850874282
27,UGC05288,PGC28378,147.8208,7.8283,11.27197456175511,0.6550189897678518,0.6954307513173266,CF4,554.0,12.0,LEDA,,,2.579959662932034,0.0023846365473162907,0.5820479387090934,0.9495513882045514,9.549359250742356,0.6338705768059754,0.6805614732156648,-780.1205872584316,376.3591497521561,398.4599255741655,370.9948183856761,22.94527141609518,23.04561725280712
28,UGC05373,PGC28913,150.0001,5.3322,1.3995873225726183,0.0192030579697339,0.0194701991164747,CF4,302.0,2.0,LEDA,,,2.617995623320746,0.0016242810057866875,0.6125543567310154,0.9115081565241777,3.2204264190207805,0.07217842680370223,0.07390876154069703,379.4132764991683,30.361802366705128,30.867048292793104,416.64173826939424,6.754937903282723,6.6388262909738955
29,PGC029033,PGC29033,150.4092,-8.2485,9.727472237769655,1.097686760099954,1.2373097236622073,CF4,446.0,3.0,LEDA,,,2.625135765290655,-0.0025126367871106657,0.6182298870767909,0.9043076833662888,7.937464916837918,1.0152739637318096,1.1775254381677964,-988.7597515789294,960.2553754848224,1094.7068415773404,266.3346402990516,25.831842554495466,27.86296905288515
30,NGC3109,PGC29128,150.7786,-26.1595,1.3061708881318403,0.0530297131904253,0.0552737943341083,CF4,403.0,2.0,LEDA,,,2.6315830115475225,-0.007968639392910403,0.6233312879760452,0.8978006315049502,3.233164259591113,0.08539911894529606,0.08754641646681627,305.7716842071343,29.348619665363756,29.93025691314802,374.80765460214246,10.167260079219147,10.175764995204815
31,PGC029194,PGC29194,151.0165,-27.332,1.3365955165464416,0.0601567077350992,0.0629918060261767,CF4,361.0,3.0,LEDA,,,2.6357351498380166,-0.00832580331761032,0.6265749067937845,0.8936456650894685,3.217586890463522,0.08742313727203976,0.08974913886090086,333.0600217697304,33.2190703837702,33.9308036904134,389.2374517633341,9.977537715154426,9.84693592710562
32,UGC05456,PGC29428,151.8324,10.362,10.28016298126473,0.9904991134653685,1.0961098769695674,CF4,542.0,3.0,LEDA,,,2.6499752912050387,0.0031564457038298745,0.6374904668133918,0.8795596635830242,8.358915007412227,0.9359522127136097,1.0574106846783344,-612.5776930012934,450.67889157341165,501.1831874588667,333.101538378445,20.64969235378078,21.70050998492229
33,PGC029653,PGC29653,152.7533,-4.6928,1.4125375446227544,0.0510928621568034,0.053010296333156,CF4,324.0,1.0,LEDA,,,2.6660480282866543,-0.001429508627575066,0.6498461192657734,0.8634143647180418,3.1523047316426442,0.08441211199747212,0.08667174213352169,351.7982568659854,33.66023304764361,34.372901252429685,394.86321100733505,7.905139559815893,7.769449579992113
34,PGC3097113,PGC3097113,207.8286,-46.9735,5.597576014951097,0.3009415760345248,0.3180403268036409,CF4,529.0,5.0,LEDA,,,3.6272933498102873,-0.014308946368350957,0.995212517374397,0.09789083213746187,1.7753942611018627,0.36001559618357315,0.37998628839211124,-15.608012883661345,31.66397494527468,32.81597518326396,1.8055288278342014,12.021504693826863,12.785022174037119
35,PGC3097708,PGC3097708,189.3995,-8.8671,9.549925860214357,0.429817466655269,0.4500741397856451,CF4,1105.0,5.0,LEDA,,,3.305644876631,-0.002701073122990724,0.9750252995025377,0.22396140018999183,5.829202105043238,0.4915734812671291,0.5118086931263619,575.536637084909,180.51094402975468,187.5987273536375,588.6362110772485,10.22683487042525,10.075899302697962
36,UGC05797,PGC31693,159.855,1.7185,10.185913880541165,0.9814181630094492,1.0860606812139295,CF4,707.0,2.0,LEDA,,,2.789996075775535,0.0005234850359034587,0.73879588665948,0.739514428488105,7.771608077430974,0.9465987922198051,1.06628454323112,-40.49952097881022,38.1929962526893,41.01965891189865,411.9577735934825,16.608262877868583,17.123689621526466
37,ESO376-016,PGC31961,160.8636,-37.0439,6.760829753919814,0.3042874635732682,0.3186280899215647,CF4,669.0,6.0,LEDA,,,2.8075994666111503,-0.011284217236836855,0.7506353494695613,0.7217731658792658,4.623593755023817,0.2652762716067585,0.2895239074133773,-151.67633542431787,140.35564209161362,147.86277707320193,416.9478141063618,14.794209059187324,13.522349626892662
38,NGC3351,PGC32007,160.9904,11.7035,9.727472237769655,0.1334659226103234,0.1353226185424603,CF4,778.0,2.0,LEDA,,,2.809812544102679,0.0035650899724737443,0.7519616881372854,0.719763446074564,7.273511040691683,0.15814441518133648,0.1609352267970081,92.61145447912705,25.051752774284857,25.24085845697533,472.7763039321973,7.392179960636213,7.276657391102219
39,NGC3368,PGC32192,161.6904,11.8198,10.91440336448757,0.4431178839785694,0.4618694937467449,CF4,892.0,2.0,LEDA,,,2.8220298488666398,0.003600516978394938,0.7599565498298969,0.7075500634941149,8.354509672576588,0.4581446641867828,0.47999231411085574,258.55749368105586,75.42828858915416,78.20621333797804,564.4379109295934,9.122055644260854,8.975652916578724
40,NGC3377,PGC32249,161.9265,13.9856,10.185913880541165,0.0933850197743204,0.0942491007235659,CF4,684.0,11.0,LEDA,,,2.826150571230598,0.004260257386168992,0.7626179103495725,0.7034456381916373,7.649449266417674,0.12431146010329552,0.12557498548421808,-38.747931764294655,29.737182782265982,29.776076503849893,371.0931420064488,15.929861652134548,15.805717297607544
41,ESO318-013,PGC32250,161.9232,-38.8537,6.760829753919814,0.123399049900728,0.1256932095229395,CF4,715.0,7.0,LEDA,,,2.8260929753652824,-0.01183551384316684,0.7627260547562387,0.7032784352905697,4.554448580746779,0.12104003151206921,0.1267270459917409,14.408283969156578,41.65796742565062,41.820184311201196,445.0493843480776,11.378277748682706,10.654226833693997
42,NGC3379,PGC32256,161.9566,12.5816,11.066237839776658,0.1014558783448134,0.102394638028942,CF4,908.0,6.0,LEDA,,,2.8266759153354486,0.0038325745287884527,0.7629639460570932,0.7029105136209732,8.4841651566937,0.13523215711525083,0.1363853678802407,281.7077002068811,39.17933721925182,39.408407040064404,576.3468653351051,10.497401723314397,10.385878576769528
43,NGC3384,PGC32292,162.0705,12.6294,9.204495717531715,0.0843873239726136,0.0851681502676466,CF4,563.0,6.0,LEDA,,,2.82866384535347,0.0038471352414542574,0.7642469524181058,0.7009234593256041,6.72147072930294,0.11148980624655103,0.11293255328224294,-236.74223202375092,44.282247468579484,44.601944412833866,268.5857342183211,11.752921987406012,11.672073505505239
44,NGC3621,PGC34554,169.5687,-32.814,6.8233869414167,0.2770252007439451,0.2887481951165949,CF4,728.0,3.0,LEDA,,,2.959532123326509,-0.009995716012881057,0.8419770311781671,0.5698590439911342,4.126032594270122,0.265839271855822,0.285783864821088,158.63957227218515,95.4512674417487,100.36558982714025,382.78640958008964,10.969796189167653,10.019843129328137
45,NGC3627,PGC34695,170.0625,12.991,11.015393095414156,0.4957743571819328,0.5191394827967795,CF4,721.0,2.0,LEDA,,,2.9681505591728565,0.003957284900449131,0.8464644598307526,0.5614867011627594,8.001165556591822,0.5258579859297665,0.5517488975483005,101.41912903860955,35.21343651741509,36.40288328562837,328.3283502718992,10.108530809675926,10.258201700773327
46,ESO320-014,PGC36014,174.4716,-39.2206,5.861381645140288,0.1069822717687163,0.1089712206980788,CF4,654.0,4.0,LEDA,,,3.0451038712225387,-0.011947277974486581,0.8850084689956212,0.4842841256571272,3.025152610370687,0.11408637664019317,0.12062103963855764,86.8425784836074,53.641820149713425,55.149604911416276,290.84445882545697,9.910922946280834,9.110410798489852
47,ESO379-007,PGC37369,178.6798,-33.5588,5.321082592667939,0.1687961468503775,0.1743261459083047,CF4,642.0,3.0,LEDA,,,3.118550816804964,-0.010222595067138195,0.9167815616114556,0.4108502804466887,2.34721151570399,0.15025328131917748,0.1673765726948928,111.31414555381836,106.19288589801599,114.04504093564935,252.21641643122143,10.20091982335984,8.350964645377644
48,ESO572-034,PGC37727,179.742,-19.0299,10.28016298126473,0.3718435323370528,0.3857982310378318,CF4,1114.0,4.0,LEDA,,,3.1370897041196475,-0.005796839036799086,0.9240073006628214,0.39236507275552757,6.855975084718067,0.4210135232083534,0.4357693970941856,595.6573153298301,141.74592249606152,146.30686780841518,644.074022300293,9.368659414698755,9.156856815509968
49,ESO379-024,PGC38252,181.2362,-35.7431,5.345643593969718,0.2405935942156567,0.2519324209813893,CF4,632.0,6.0,LEDA,,,3.163168413802947,-0.010887970897178302,0.9336832485957495,0.3662321179328183,2.212495256667633,0.21193656552289486,0.24138084946169913,97.26977333132234,121.6583193099824,133.05564937828606,220.26842298952693,15.156529078761281,12.63764534372902
50,ESO321-014,PGC39032,183.4571,-38.231,3.2508729738543423,0.1463133857259904,0.1532089231556668,CF4,611.0,3.0,LEDA,,,3.201930431160489,-0.011645828575865658,0.9468591696998048,0.32746991934117076,1.3187954919513851,0.07611359321152,0.10462410825815494,-61.06967141894204,59.36893837455296,71.39887883114918,133.1429234292561,26.732301051974588,25.291942187445727
51,IC3104,PGC39573,184.692,-79.7259,2.301441817408507,0.0210997454080899,0.0212949789485978,CF4,429.0,4.0,LEDA,,,3.223483502093367,-0.02428589794817315,0.953504912431251,0.306136967874209,1.8243343004468093,0.08141453277286748,0.08339637738070582,143.00078694781234,40.264922536272145,40.951776370391784,171.48604209266384,9.353237286029923,9.191997306078946
52,HIPASSJ1247-77,PGC3994669,191.8908,-77.5826,3.388441561392023,0.2551558370764417,0.2759341850863102,CF4,413.0,4.0,LEDA,,,3.349126264285935,-0.023633011432344298,0.9837275970185125,0.1806473212666915,0.8194172384319852,0.1295290336077738,0.21822546060097137,201.74483416971907,551.3227040393976,846.5962504992025,145.51448954570517,36.34627355570291,15.327447086570515
53,NGC4298,PGC39950,185.3867,14.6061,14.521116175877411,1.27770082393077,1.4009710946342704,CF4,1129.0,5.0,LEDA,,,3.2356083044069717,0.004449272495146644,0.9570154984524666,0.2942652730514918,10.864688969600868,1.336014665912332,1.459965968945987,584.8880344878208,213.88385191539328,232.69574626291967,623.9324697817046,11.01452288960877,11.050408544158927
54,PGC040045,PGC40045,185.5317,15.7992,9.078205301781855,1.0244208897911982,1.1547246210256912,CF4,1299.0,2.0,LEDA,,,3.2381390318223637,0.004812711538694166,0.9577393418393386,0.29175921390497705,5.475526094031731,1.0596370128877561,1.198187663243866,799.5651505704124,587.0221138972477,660.8421913107675,795.9098836396824,7.803713790839197,6.444731437020323
55,NGC4328,PGC40209,185.8333,15.8205,14.521116175877411,1.5194203955445076,1.6969847977118668,CF4,479.0,10.0,LEDA,,,3.2434029448463786,0.004819199889735623,0.9592375367148525,0.28650460123837945,10.853154566366213,1.5767032098449931,1.7554617747900636,-88.40422293970268,52.019994634229704,56.11140867282742,-24.58219083425374,17.113478573351298,17.606423186817214
56,UGC07512,PGC40563,186.4212,2.1593,11.587773561551264,0.4191410837456395,0.4348707846228556,CF4,1505.0,2.0,LEDA,,,3.253663735518853,0.0006577603945454399,0.9621422658578503,0.2760400092730998,7.923899834710577,0.4811112717470216,0.4964164476792927,988.6274943626638,196.24542909976077,202.43298716633146,995.0635847296622,6.831526893098726,6.682251698836012
57,NGC4413,PGC40705,186.6342,12.6106,14.723125024327189,0.2687273168679063,0.273723330696539,CF4,95.0,4.0,LEDA,,,3.2573812868256007,0.003841408433962267,0.9631028972274516,0.2724931613157352,11.034145047269524,0.3347683608222525,0.3387515630287048,-481.97116723826196,50.60411765939366,51.19612844964308,-410.6341067223318,9.528801900596306,9.570031840606646
58,6dFJ0956376-092911,PGC4078671,149.1567,-9.4863,9.162204901219992,0.4525690016591888,0.4760853350197056,CF4,621.0,41.0,LEDA,,,2.6032755164094263,-0.002889692229322654,0.6009068865464824,0.9261611272647822,7.501395069718178,0.42297506969756427,0.45324404204415103,-776.7801831640166,554.2864339858809,579.7961070505986,448.2064919315963,48.467222392395854,47.18785841655392
59,NGC4455,PGC41066,187.1837,22.8215,6.456542290346557,0.2621315395787409,0.2732242724966216,CF4,643.0,3.0,LEDA,,,3.2669718710653095,0.00695182644566237,0.9655820490647251,0.26312436545488294,2.890441577903111,0.30092917268591757,0.3166055695404406,97.74266585099518,66.97011704643887,69.74937911638548,161.91682653089302,11.052735982483625,11.118458419385433
60,PGC041395,PGC41395,187.7652,1.6758,9.204495717531715,0.5747102398620143,0.6129837126681341,CF4,1105.0,4.0,LEDA,,,3.277120960665657,0.0005104778720785662,0.9682652496389168,0.2526025911134108,5.531646444280918,0.629705187201667,0.6694460649708445,581.2651067868776,250.5730826167205,265.6278768685527,595.586609516597,9.418351824873866,9.067473933895826
61,NGC4437,PGC41618,188.1895,0.1146,8.165823713585919,0.4390178626289032,0.4639617640837823,CF4,1128.0,2.0,LEDA,,,3.284526392681869,3.49091563075568e-05,0.9700929936411425,0.24518270041178067,4.4998950591400915,0.4921820495396272,0.5189422108714759,615.9194472483383,280.3410551775984,294.93289429003346,617.0217426141238,6.805070306014272,6.480503336561469
62,PGC042120,PGC42120,189.3085,-10.4979,9.594006315159332,0.3043424473599696,0.314313133768346,CF4,756.0,8.0,LEDA,,,3.3040566270116853,-0.003197843211178888,0.9746761336157976,0.22552816734072006,5.875015201872184,0.3677415833976081,0.37725648078145824,210.04537999571485,59.71406869651973,60.96095146416124,243.77089782776648,13.649033427049943,13.6569984112557
63,NGC4592,PGC42336,189.8281,-0.532,8.669618757582173,0.3519810465554585,0.3668759796408452,CF4,1068.0,2.0,LEDA,,,3.313125357805048,-0.000162056467326529,0.9766311947817437,0.21661206589293505,4.949377452106941,0.4129955457033221,0.42801028870613056,541.5701557926883,178.22644023060485,184.52491145814452,551.2273020210284,7.142370440718423,6.949708940037567
64,NGC4594,PGC42407,189.9976,-11.623,9.120108393559102,0.3298832252502475,0.3422632200988236,CF4,1087.0,5.0,LEDA,,,3.3160836908871785,-0.0035405682701809137,0.9772959431846425,0.2134970405288312,5.389590840172827,0.39282563664649217,0.40493222790138894,558.1100098853707,157.70495869843907,162.38140161887384,568.9414359097135,10.108869470922059,9.970034032018134
65,NGC4600,PGC42447,190.0958,3.1177,9.078205301781855,0.2879801334730167,0.297414767476944,CF4,852.0,30.0,LEDA,,,3.3177976042126365,0.0009497057296690214,0.9776095130100112,0.21201200510534796,5.346115823222364,0.35153220675353225,0.3605519515494393,312.22012506583513,111.28375363723208,113.28867096598304,336.41815920034816,35.24173527873006,35.11344459964448
66,ESO381-018,PGC42936,191.1772,-35.9666,5.321082592667939,0.1211226273327836,0.1239439357562721,CF4,620.0,8.0,LEDA,,,3.3366715947437036,-0.010956052890500632,0.9814828183160795,0.1927413460291658,1.6842094838318833,0.16304033298496656,0.17019961806957196,84.41719678498085,83.63173952228665,86.32570404498254,125.37190328126722,14.530843962319906,13.932197222916201
67,ESO381-020,PGC43048,191.5017,-33.8381,5.345643593969718,0.1216817039785205,0.1245160349700009,CF4,588.0,3.0,LEDA,,,3.342335188166425,-0.010307674712484624,0.982550893893412,0.18708334388084472,1.6932427496417821,0.16558567504770827,0.17239983170164752,44.99852749843814,45.44660558502256,46.78813684782112,93.70115793054715,10.528559366115104,10.483159905503143
68,PGC043072,PGC43072,191.5638,10.2055,9.418895965228415,0.9075155832046456,1.0042783287046235,CF4,1136.0,2.0,LEDA,,,3.343419037631913,0.003108773077633255,0.9826393974579051,0.18660690313521514,5.650592182309754,0.9667299983232356,1.0651570673873296,604.5994900194531,368.55467498648034,405.1478062512814,611.9548993478908,7.472815752742349,7.120999701369897
69,SDSSJ124936.90+215505.7,PGC4343356,192.4035,21.9178,6.338697112569274,0.2852883650301372,0.2987335914498237,CF4,539.0,4.0,LEDA,,,3.35807456736091,0.006676543683401121,0.9851841303248986,0.172351964942434,2.601070812784277,0.33901118515100004,0.3550701869818469,-11.339544623897002,17.907984799958513,18.277897787767436,29.274700246811527,11.739169909095843,12.290608238556601
70,PGC043851,PGC43851,193.4868,-12.1059,8.953647655495944,0.5590477903019657,0.5962782047184252,CF4,823.0,2.0,LEDA,,,3.3769817191477642,-0.0036876680221959155,0.98837028610102,0.15265861113333865,5.150951666096326,0.6242203578932992,0.6613506117370438,282.1481243135489,130.31062077025814,137.6877182021709,295.5154095329432,7.633914912554417,7.663711650370487
71,ESO443-009,PGC43978,193.7232,-28.3408,5.834451042737443,0.2881939131583388,0.3031690089104923,CF4,643.0,4.0,LEDA,,,3.381107677499479,-0.00863310137069115,0.989017184574388,0.14834404753007818,2.076156027215516,0.33917430164116946,0.3584641357391445,104.01910121394481,116.33954784805591,122.1671537436348,125.54730268125611,10.896872732250444,10.935589414641683
72,PGC044055,PGC44055,193.9185,19.2092,4.720630412635907,0.149748516487155,0.1546544883979592,CF4,419.0,4.0,LEDA,,,3.384516305528624,0.0058514569401668425,0.9893623398170242,0.14599023142580694,1.045723303625639,0.1710222987112765,0.19047387877176392,-168.09913457928928,356.742006314515,391.9654449224776,-55.5794422703323,20.989211111099223,25.83796285078406
73,NGC4826,PGC44182,194.1825,21.682,4.30526610491711,0.0590704654539804,0.0598922174845553,CF4,408.0,4.0,LEDA,,,3.3891239747538893,0.006604714895815415,0.9900034996153342,0.14151466304913238,0.716567946171295,0.067669432669906,0.0832971115030956,-258.7763599479756,628.0445419299292,750.3025513181001,-24.183543577960393,25.411812772366726,28.391092882504605
74,UGC08091,PGC44491,194.6678,14.2173,2.137962089502231,0.1056050785660098,0.1110925163335481,CF4,216.0,2.0,LEDA,,,3.3975940576138175,0.004330837242333572,0.9911917435971778,0.13282483020030098,1.785240220224086,0.17577836490215337,0.17285240844398886,331.4132862307973,151.21234633306838,150.63349743588324,327.6137751116853,7.605596398767432,7.3500958606421705
75,PGC044681,PGC44681,194.9857,-19.4114,7.112135136533295,0.2887481951165949,0.3009672764758857,CF4,827.0,2.0,LEDA,,,3.4031424593059074,-0.005913050582447715,0.9920198321923117,0.12641838710332104,3.2978566009384376,0.35435458248483576,0.3663914551379168,290.0110835876043,147.34322688195735,152.21926696697105,296.9212264860937,7.327934913789875,7.243252940397554
76,PGC044982,PGC44982,195.5598,-17.2378,5.623413251903491,0.1783867234792797,0.1842309233096299,CF4,749.0,2.0,LEDA,,,3.4131623945416067,-0.005250934158799325,0.9932276459745405,0.11644751599261467,1.824546686296443,0.23870766798227128,0.2458984129508881,217.00165144387705,196.89623047932446,202.5561929137487,220.3375864309414,7.1457854864739545,6.733868515741932
77,PGC045084,PGC45084,195.8199,-17.4229,5.888436553555893,0.2390668054328637,0.2491834980920524,CF4,746.0,2.0,LEDA,,,3.417701995926044,-0.005307318843201844,0.9937443318034916,0.11191247767288333,2.076697271517301,0.300780458765016,0.31207656535969175,210.8691037036781,191.33961152046322,198.22453324998762,216.10607016846447,7.3900310995559835,7.109675679464175
78,ESO269-037,PGC45104,195.8883,-46.5869,3.07609681474071,0.0975803853115189,0.1007772559090631,CF4,744.0,6.0,LEDA,,,3.418895801134408,-0.014191181273861415,0.9938965384224359,0.1105412177413023,0.8915581254644342,0.15008531782338408,0.15498513921098223,-214.27076726311847,359.1142482720106,370.1937565341661,-151.98992767603002,20.604261504684928,25.553952200197998
79,NGC4945,PGC45279,196.3638,-49.4679,3.388441561392023,0.0464911611308842,0.0471379176067228,CF4,564.0,3.0,LEDA,,,3.4271948417276414,-0.015068784060266922,0.9947752450009887,0.10226740464158911,0.617107377145865,0.09015252780822869,0.09887901785857911,-23.83396101338891,64.56600410031807,69.44058111801553,15.931118456287539,12.755432119885445,13.446974049040183
80,ESO269-058,PGC045717,197.6333,-46.9908,3.75,0.02,0.02,-1,400.0,18.0,-5,HI,dIrr,3.449351796581709,-0.014314216249713265,0.996793693689281,0.08010020196278779,0.3327321755105006,0.026457837166160403,0.047706550631231914,329.95628478855286,1651.8216548065639,2771.404112021895,90.48987259283437,36.851670621621786,36.1701261114232
81,ESO269-037,PGC045916,195.8875,-46.5842,3.15,0.09,0.09,-1,744.0,2.0,-2,HI,dIrr,3.418881838500392,-0.01419035880682799,0.9938950002718244,0.11055515996895295,0.8275220615074216,0.13709193732664826,0.14556426749390416,-218.32979895292908,392.0879385811894,413.3432079787985,-145.3467279716785,18.52280807659298,24.22783111624159
82,ESO269-068,PGC45917,198.2985,-43.2649,3.6475394692560754,0.0334408428599437,0.0337502671692355,CF4,647.0,96.0,LEDA,,,3.4609617267659756,-0.013179242205329967,0.997657009484982,0.06846759848555493,0.34815872880510623,0.06086091840521046,0.07900553429883223,-149.38163180941893,1017.6263083158531,1259.7922635605025,-40.913233062627704,96.81711684608752,72.3451974547578
83,HIPASSJ1348-37,PGC4614882,207.1396,-37.9681,5.520774392807576,0.1751307988378583,0.1808683299999023,CF4,582.0,6.0,LEDA,,,3.6152680312640464,-0.01156574465620373,0.9963180373651004,0.08583966834531169,1.686455621942305,0.23993321189495087,0.24613191350082397,40.15508869935017,50.679237768915876,51.70921854653908,50.99624739103699,11.87713411036355,11.981681161630178
84,NGC5068,PGC46400,199.7295,-21.0392,5.035006087879052,0.2044180674813205,0.2130685146186781,CF4,671.0,2.0,LEDA,,,3.4859373883620144,-0.006408906818376519,0.9990395320445828,0.043831991617782486,1.169396149134467,0.2720866878675462,0.281077652113358,131.39930459649554,275.89999338062404,284.8796268978349,132.26932194504874,7.163340414057018,6.967017956644554
85,PGC046663,PGC46663,200.4461,-45.0624,3.872576449216176,0.1055384593770814,0.1084952563187977,CF4,741.0,15.0,LEDA,,,3.4984444177818057,-0.013726792017396575,0.9995186470843271,0.031028745943143702,0.12065010957210405,0.0022922054505285644,0.10133985759363599,-2173.985033539016,63822.8579232319,1315428.236620545,4.61594010451782,178.7691525897746,186.0937220260516
86,NGC5102,PGC046674,200.4875,-36.6297,3.74,0.39,0.39,-3,464.0,18.0,-12,HI,Sa,3.4991669840921316,-0.0111580447015612,0.9995420855460987,0.03026382017450066,0.182745340629104,0.06547514800095008,0.43117653126350153,98.74029402495324,2225.111958582584,12719.519107434444,69.56815296043264,158.18216021571737,31.84008908631708
87,KK197,PGC046680,200.5086,-42.5359,3.84,0.04,0.04,-1,643.0,3.0,-7,stars,dSph,3.4995352485643023,-0.012957176106305457,0.9995529224247364,0.02990354133862832,0.1227737633373533,0.008830754679885144,0.06994052885451986,-286.23771323202493,4406.841892217141,29705.609185771293,-17.94017506692031,59.066181613709894,89.59490833091067
88,PGC046885,PGC46885,201.1501,-30.9719,4.6558609352295885,0.126885136193378,0.1304399879967919,CF4,490.0,3.0,LEDA,,,3.510731535715846,-0.00943458026389196,0.9998222431138476,0.018855352166099116,0.778225565537323,0.19770162652379586,0.2004885412707107,-51.73321404515556,166.4123770089179,168.7836186008277,-50.032888476402356,8.309779273267331,8.508221338035554
89,PGC4689210,PGC4689210,161.7216,12.7444,9.594006315159332,0.9642208374896306,1.0719548971432469,CF4,640.0,5.0,LEDA,,,2.8225743915932617,0.0038821662447297294,0.7603061244551291,0.7070120655292507,7.105127748322044,0.9228204905408441,1.0482427485370582,-113.9283673355155,93.70852059979569,103.07335276509164,338.3485515977253,21.363579274594713,22.18957221222348
90,NGC5128_CenA,PGC46957,201.3672,-43.0181,3.597493351557425,0.0656616536378527,0.0668823949209076,CF4,552.0,6.0,LEDA,,,3.5145206455219253,-0.013104062626126607,0.9998882780035732,0.014948182283446122,0.28971724623620676,0.13290141639903386,0.13609222125226328,-10.810224723066597,146.69463974013973,149.91879052202356,-8.906334587967761,11.554146760743452,12.147690873514703
91,IC4247,PGC47073,201.6852,-30.3625,5.05824662003114,0.0923234055277779,0.0940398257864219,CF4,420.0,8.0,LEDA,,,3.5200707925432675,-0.00924894640827394,0.9999526993637619,0.00972635688575607,1.1772613022227458,0.16438199225950179,0.1648120733706795,-121.44190062601089,158.7790437472305,159.42947670616323,-121.05910419750938,13.072995331482105,13.084616918522045
92,ESO324-024,PGC047171,201.9042,-41.4806,3.78,0.09,0.09,-1,514.0,18.0,-12,HI,Sdm,3.523893063605135,-0.012635713343204544,0.9999844565085785,0.005575577402991701,0.10399129195657335,0.08272656799581664,0.16082772235691273,27.902984005513872,1737.6786621660901,3314.734342727071,27.3377112504208,73.69134172042853,23.08857263271231
93,NGC5206,PGC047762,203.4292,-48.1511,3.21,0.01,0.01,-1,583.0,6.0,-13,stars,S0âˆ’,3.5505093346980487,-0.014667663841891783,0.9997739653769419,0.02126232060931199,0.6759541169125821,0.08037336610116141,0.08179087297847087,-41.765694778180446,68.4815906690355,69.48693668276064,-40.088501765947484,11.165670361539554,11.18721119881517
94,ESO270-017,PGC47847,203.6951,-45.5473,6.792036326171846,0.1546056221527605,0.1582068497161248,CF4,829.0,4.0,LEDA,,,3.5551501651791013,-0.013874501004251152,0.9996672283881763,0.02579883988163889,2.913274982376685,0.22655302792401377,0.2288692773495251,287.9293697183009,113.54371529849149,114.87070322234413,288.17405394418944,9.043740798867532,9.039605716848428
95,ESO444-078,PGC48029,204.1284,-29.2354,5.2966344389165805,0.0726725489253832,0.0736835247859524,CF4,572.0,2.0,LEDA,,,3.562712676827993,-0.008905612114432339,0.9994414681111642,0.03342405988385032,1.422953230329448,0.1439008734873426,0.14377250375052708,30.60225192577092,30.316012202755388,30.34852866491041,32.5064697605254,7.152394775611121,7.165026544911413
96,NGC5236_M83,PGC48082,204.2536,-29.8656,4.7863009232263805,0.087359837174227,0.0889839778074774,CF4,508.0,2.0,LEDA,,,3.56489782905149,-0.009097582012381924,0.9993669228758896,0.035584938756831885,0.9174379464146826,0.15683334192680853,0.15793556815152232,-34.23237828971189,69.41732313217179,69.92429888039572,-29.69849078484945,7.54157681681837,7.738162155662973
97,NGC5237,PGC048139,204.4083,-42.8475,3.33,0.02,0.02,-1,361.0,4.0,-4,HI,BCD,3.567597853404325,-0.013052094894310995,0.9992709107401012,0.03818842422303702,0.5685982328919089,0.0879220937244331,0.09001408160232338,185.26984421928896,412.31484224707094,421.6224899638842,179.08896564471806,10.023029702451652,9.619262292717991
98,NGC5253,PGC048334,204.9792,-31.64,3.55,0.03,0.03,-3,407.0,3.0,-4,HI,Sdm,3.5775619381039605,-0.00963809516205146,0.9988390818395828,0.04819009964319151,0.37692162289234804,0.08538405910443009,0.09279910650186468,151.2513268213881,812.0790310301416,878.4697860514401,129.01255432418088,15.131888613859815,11.207067871221767
99,IC4316,PGC48368,205.0761,-28.8942,4.24619563946313,0.0775018047597724,0.0789426708869562,CF4,578.0,3.0,LEDA,,,3.579253162149143,-0.008801676650801116,0.9987540115636588,0.04992488898759849,0.4169861722833341,0.12171516328942267,0.1357435165514136,41.75763458834192,302.2518849351123,334.34612684117917,45.632143584011786,8.71650642581399,7.060667700503636
100,NGC5264,PGC48467,205.4031,-29.9127,4.677351412871984,0.1483756138357739,0.1532366075257467,CF4,478.0,2.0,LEDA,,,3.5849603888031645,-0.009111929492853877,0.9984544310271615,0.055605166443151,0.8301003882630691,0.20881466813092364,0.21711372731496814,-67.44720687353391,210.1988351514433,218.04167278388292,-52.51371573707416,9.420131296429332,11.192468088199895
101,KK211,PGC048515,205.5208,-45.205,3.68,0.14,0.14,-1,600.0,31.0,-14,stars,Sph,3.5870146413327624,-0.013770230461458161,0.9983406368625167,0.05761635627140603,0.2968513372260998,0.07686134504142181,0.16985650892508786,-82.37835203916312,910.1089764791574,1848.6090757571073,-15.733999082834663,52.66403419692802,53.24051222426134
102,ESO325-011,PGC48738,206.2542,-41.8597,3.3265955329400443,0.0607172112166862,0.0618460284519786,CF4,546.0,3.0,LEDA,,,3.5998148860668886,-0.012751193807045683,0.9975235600010254,0.07039123241359961,0.6100661227501807,0.11769200550008058,0.12302012458718625,-3.6077898476766177,18.433783726302988,18.852100427862762,11.65057668876362,10.344138992338403,10.94796574779645
103,ESO215-009,PGC490287,164.375,-48.1839,5.345643593969718,0.073344979741492,0.0743653100465246,CF4,597.0,2.0,LEDA,,,2.868884957965679,-0.014677655293260788,0.7896959308286282,0.6604831191404926,3.2970861095603587,0.05575829654903952,0.061028643836747776,-678.207894984174,595.0386610228494,625.1417808155454,357.112303147365,6.350258678164323,5.515503904077718
104,ESO383-087,PGC049050,207.325,-36.0614,3.19,0.03,0.03,-1,326.0,2.0,-4,HI,Sdm,3.6185038716972437,-0.010984930621896411,0.9960350200895349,0.08907977168811064,0.7594389558687442,0.09124849972060578,0.09464271900738808,233.525890317116,322.16205668623957,333.05807287845835,211.75410195883143,9.904094893209049,8.912094606040654
105,ESO384-016,PGC49615,209.2559,-35.3329,4.385306977749858,0.0601686673997718,0.0610056969412324,CF4,505.0,9.0,LEDA,,,3.6522044342240023,-0.010763016831581797,0.9924721455654467,0.12277881092139326,0.7140272263874483,0.08534086359407178,0.09767079301606485,-60.87937415619906,165.43445844475582,184.1096282587502,20.083914231222913,19.44344980363805,18.872593607509465
106,NGC5398,PGC49923,210.34,-33.0637,12.13388850464978,1.0676506648731046,1.1706556751311332,CF4,1219.0,3.0,LEDA,,,3.6711255486448726,-0.010071778982601795,0.9899765164942669,0.14170584635559783,8.309128614628062,1.1354515447378635,1.2378922953225437,680.0866494879353,284.19881451689577,309.2294238268933,686.6656205307917,8.268745291886944,8.232531576268116
107,NGC5408,PGC50073,210.8383,-41.3766,5.199959965335156,0.1649538774561119,0.1703579983673684,CF4,507.0,3.0,LEDA,,,3.6798225243075606,-0.012604033131546729,0.988712787718948,0.15038956048869684,1.480972430309008,0.2089368549644428,0.22013632616407963,-47.0792881265943,65.74276475009022,68.54231150779488,5.908692672852583,12.523922426116329,13.613255948101637
108,AGC205315,PGC5057800,162.4683,12.5392,10.0,0.4939520634371828,0.5196187382322233,CF4,779.0,8.0,LEDA,,,2.835606765117903,0.003819658750189496,0.7687053354159225,0.6939818134230321,7.4424027026770165,0.4988588511024705,0.5295296319843823,112.46985645469344,58.12148292395521,60.15270224561931,457.6011479670687,16.55119484178715,16.347877864354018
109,AGC174585,PGC5060050,114.0429,9.9864,7.550922276654341,0.3729793639407202,0.3923600705884746,CF4,356.0,8.0,LEDA,,,1.9904240935226414,0.0030420314009579866,0.031753212043633794,1.5390377763789187,8.37992631413085,0.3606570543365848,0.37992359858299984,1219.5083860369464,99.2729994800357,103.09321829077372,550.8074021290026,18.578363836439394,18.551885074315123
110,AGC174605,PGC5060076,117.5904,7.7944,9.3756200692588,0.1711243517270837,0.1743057909555556,CF4,351.0,8.0,LEDA,,,2.05233964873714,0.0023743100167855215,0.09354047267488239,1.4771189038175039,9.806211955717247,0.17898931484970682,0.1823169746933715,1659.457085770999,114.84049182824882,116.62433638289602,488.4583246657116,14.079647591867115,14.177085546634657
111,ALFAZOAJ1952+1428,PGC5060431,298.0491,14.4733,8.203515443298183,0.5122110404320894,0.5463223089761797,CF4,279.0,6.0,LEDA,,,5.201938127605832,0.00440881930179897,-0.10158766230883942,1.6725595372605917,9.425274205407245,0.5014633439807863,0.5357814330774406,1138.7105104398854,101.55835926393269,106.85954250233739,525.3096930877466,18.3722648424328,18.535145080976122
112,AF7448_001,PGC5067080,344.8981,16.7654,7.798301105232589,0.6533378444774582,0.7130792767911824,CF4,360.0,6.0,LEDA,,,6.019607428872654,0.005107032889692085,-0.795224663996916,2.4901743564435965,11.136721087583215,0.7021875158756998,0.7629368830900063,914.068656000503,121.99315554917005,131.40544474353848,841.9758395310241,12.873668279964818,12.788164695144587
113,DDO187,PGC50961,213.9854,23.0556,2.249054606,0.041049873,0.041813047,CF4,152.0,2.0,LEDA,,,3.734749781197074,0.007023137383634438,0.9788170052781882,0.20619508538479775,1.7423096659945945,0.10512266136524695,0.10653720673162459,407.0069521522088,123.05325032124523,124.7495662501137,386.8036275456166,8.392501520752205,8.111720192684118
114,ANTLIAB,PGC5098252,147.2337,-25.99,1.3931568029453023,0.0627023849672128,0.0656574573300463,CF4,376.0,6.0,LEDA,,,2.569712834893575,-0.007917006740256556,0.5737928750461593,0.9596668412882174,3.2867927378604787,0.0819142050165822,0.08470083654877447,347.1592414779996,34.21870304168363,35.00505846316913,412.2245295264531,11.041001220546036,10.715938611559238
115,PGC051659,PGC51659,217.0149,-46.3052,3.5318316979195674,0.3549576272697998,0.3946176560764289,CF4,392.0,2.0,LEDA,,,3.7876245308862426,-0.014105370546707498,0.9668540813235821,0.25818854839422595,1.0155324097910108,0.042462762225685236,0.18303839872998418,352.9489599119795,558.6763192746137,1351.996252702655,163.51846299417807,61.631995978757374,28.498729799543327
116,NGC5643,PGC51969,218.1696,-44.1745,12.13388850464978,0.5993559264388448,0.6304995834636671,CF4,1189.0,14.0,LEDA,,,3.807777847759021,-0.013456322210367959,0.9615138763111922,0.2783363168466964,8.4689348230135,0.6602510617363571,0.6912552885321812,654.7940872338553,176.51364105695308,183.9307612709099,681.9251698690261,19.35313699901792,19.252700832738014
117,ESO222-010,PGC52125,218.7626,-49.4217,3.07609681474071,0.1248875880743223,0.130172509764757,CF4,621.0,4.0,LEDA,,,3.818127650223347,-0.015054710735472777,0.9586162538374116,0.2886949061002472,1.2796169257621752,0.10620177230197414,0.12442109958487979,-74.04225097239892,72.28711524127903,80.51196555361818,81.64083167096031,25.519232978339367,26.66475690784651
118,ESO272-025,PGC52591,220.8561,-44.7051,3.8194427084004654,0.1550669619221332,0.1616289971345059,CF4,629.0,3.0,LEDA,,,3.8546661181138484,-0.013617952213306786,0.9475802738345908,0.32522056871607385,1.2483018619345168,0.029486557210191222,0.036615700257080386,-260.13411236553384,428.8421522900422,478.7537898233353,184.97409119276043,22.038962495171717,15.279071907170419
119,ESO223-009,PGC53639,225.2858,-48.2918,6.165950018614819,0.0565297695590993,0.0570528330767734,CF4,588.0,2.0,LEDA,,,3.931978967989441,-0.014710523512855775,0.9200731564084242,0.40252913829940196,3.007245963209476,0.09048494910921878,0.09262319475646352,-0.5253334789974309,11.670455441479323,11.67297533024764,184.83365317519156,8.740274581732535,8.57383803540236
120,ESO274-001,PGC54392,228.5559,-46.8091,2.7289777828080406,0.098709790912657,0.1024142129913361,CF4,524.0,3.0,LEDA,,,3.989052979858908,-0.01425886726453802,0.8962319790391409,0.45959555001196395,1.878144531627619,0.08962706285423638,0.09936250756481324,93.76534624480118,40.22978048097832,42.67430152477575,204.62816956574355,15.059308308338132,14.206541397782445
121,ESO137-018,PGC57888,245.2464,-60.4876,5.72796030985829,0.2071859170507135,0.21496127629743,CF4,606.0,5.0,LEDA,,,4.280357158663021,-0.018425576641090517,0.7310955262106948,0.7508700587872567,3.919999478689212,0.15241454569604862,0.16971235177968902,-1259.273342239981,2318.2299593202447,2493.6333616134457,404.52878298610113,11.956380725243946,10.286361370419115
122,AGC229385,PGC5809449,188.0429,20.4233,10.616955571987242,0.9341770093747516,1.0243047221176609,CF4,1348.0,4.0,LEDA,,,3.281967739998445,0.006221292949529886,0.969376989688589,0.248115272124806,6.920026999224402,0.9900883940364302,1.0819454054078017,826.2979877826426,396.90572724982917,432.5905102525227,833.7245605113385,9.246152701802771,8.778761015167674
123,PGC592761,PGC592761,204.3561,-39.8887,4.965923214503362,0.2452928018674551,0.2580386754878354,CF4,491.0,3.0,LEDA,,,3.566686791534784,-0.012150792872646083,0.9993058662751206,0.03726161680205879,1.0964212383310152,0.3130350866957683,0.3263811637666034,-51.39360163619834,143.26459754936673,149.05262614393837,-46.84427619333616,8.812224636406825,9.444329472067452
124,IC4662,PGC60849,266.7892,-64.6391,2.4888573182823914,0.0228179810480511,0.0230291132271887,CF4,306.0,3.0,LEDA,,,4.6563499487616555,-0.019690195859335034,0.42955822218408624,1.1267928190573142,3.600347603727886,0.06050182773577184,0.06171780762664136,524.6548556502402,38.66773990394812,39.242328647292936,492.70015331924805,5.454324638933542,5.2782292080432285
125,IC4710,PGC61922,277.1581,-66.9822,7.211074791828994,0.1965218076292805,0.2020276211801732,CF4,739.0,4.0,LEDA,,,4.837321393571695,-0.020403944935637273,0.2600508460009981,1.3077214665668648,7.246323749547932,0.18773325811518582,0.19297286085064158,1260.869112261341,192.32782815068146,196.67126454336218,782.3498189966518,8.181243364679176,7.978731696746877
126,ESO104-022,PGC62572,283.9215,-64.8114,8.749837752274363,0.2384573702505914,0.2451380630259887,CF4,796.0,4.0,LEDA,,,4.95536499220108,-0.019742681440764284,0.14454543044134366,1.425742763761263,9.044826839592718,0.23632950960841725,0.24288848257777218,1473.2099286963687,154.41370658527165,157.79991102420487,877.2836387791499,8.521353345263833,8.443328856814787
127,NGC6744,PGC62836,287.4413,-63.8577,9.162204901219992,0.4123671489456413,0.4318014139393398,CF4,852.0,16.0,LEDA,,,5.016797091212777,-0.0194521678075137,0.08353588939672,1.4871629753878464,9.64739143770246,0.4001386486381122,0.4194358160926619,1455.4148515804286,158.94076078333595,164.65540448539946,955.3754081232273,20.685146196029677,20.227378180337723
128,ESO104-044,PGC62869,287.8461,-64.219,9.506047936562815,0.7562101842884541,0.8215661210511573,CF4,776.0,8.0,LEDA,,,5.02386218402485,-0.019562226081282635,0.07649632615293675,1.4942251980615764,9.989376382699872,0.7167742753571602,0.783087076519223,1526.1626932380418,240.16318820710683,258.0212371955987,886.3316171833167,17.123808670891776,16.6164135570707
129,ESO594-004,PGC63287,292.4959,-17.679,1.056817509213659,0.0382261211595407,0.0396606869295257,CF4,-79.0,3.0,LEDA,,,5.105016503584082,-0.005385331364409221,-0.004732368252103894,1.575528712710987,4.027885780460762,0.0785482186900599,0.08028994816651025,560.5810816518288,26.417042029741562,26.85045476554287,501.2639337573671,8.859183674480903,8.57252879134171
130,IC4870,PGC63432,294.4065,-65.8119,8.317637711026714,0.1893325493857194,0.1937426709970573,CF4,877.0,3.0,LEDA,,,5.138362764272686,-0.020047451169260884,-0.03788465638025861,1.6086900513409166,9.311157218500611,0.2040506950125618,0.20868106718814516,1274.6689967478117,63.07050282945109,64.15529621008383,1041.2648340428266,6.8639725548630395,6.763400576055574
131,ESO461-036,PGC64054,300.9889,-31.6816,6.886522963442766,0.2795884833668012,0.2914199492708551,CF4,432.0,6.0,LEDA,,,5.25324731695596,-0.009650767246714586,-0.1522982743181181,1.7236895862851367,8.40445269171892,0.29003118630224556,0.301954296493431,1034.8513029923358,69.67187818013059,71.79471393993646,701.9341726306629,13.759650995949869,13.61571386293258
132,IC4951,PGC64181,302.3822,-61.8506,8.994975815300352,0.561628237657601,0.5990304998589799,CF4,814.0,3.0,LEDA,,,5.277564989423998,-0.018840770184259798,-0.17614887222293696,1.7478690952504372,10.40570785068499,0.5585388219350111,0.596244043764683,1303.4213286414667,121.0516257283946,127.65975629376149,1041.4915073940806,9.843733297336485,9.50404432757523
133,IC5052,PGC65603,313.0212,-69.2014,5.370317963702524,0.1463560737113267,0.1504564291050423,CF4,589.0,3.0,LEDA,,,5.463250568543675,-0.021079951913627937,-0.3547539584101725,1.9334472234936069,7.661536919283596,0.1823874116315043,0.1870653030993905,993.3081496407989,52.80446936837882,53.88678790532809,927.589905340083,7.678500143180145,7.531696633594038
134,NGC7090,PGC67045,324.1205,-54.5576,9.289663867799362,0.2531691305763441,0.2602619924149927,CF4,851.0,4.0,LEDA,,,5.6569698982102805,-0.016619195341755332,-0.5281215117780097,2.12718321715889,11.809087727185473,0.2958208061955503,0.3036604804333649,1331.3640961110593,73.95550078341883,75.60646649145858,1220.000792420333,8.869392383024888,8.819611196335927
135,PGC677373,PGC677373,204.2511,-33.3625,4.446312674691084,0.2967722483474544,0.3179971933630661,CF4,591.0,4.0,LEDA,,,3.5648541958201903,-0.010162798667634065,0.9993709169173307,0.03547249783490752,0.5834541876553827,0.3407731303412048,0.3818561323513985,51.21834397266884,486.24114411540495,541.7448623411394,53.14189035916216,9.84493582767125,8.906170589254955
136,IC5152,PGC67908,330.6723,-51.2966,1.914255925021086,0.0349391082178167,0.0355886747369587,CF4,124.0,2.0,LEDA,,,5.771320380142446,-0.015625837935830875,-0.6215421203506585,2.241506041489909,5.2886243179007275,0.0965463473685011,0.09834127798318626,644.8536705537039,30.09640789288568,30.534131201182404,620.5507787716016,7.120601137134486,7.078930847075753
137,PGC683190,PGC683190,173.2957,-32.9624,5.470159628939719,0.1490770362717697,0.1532536229637724,CF4,704.0,9.0,LEDA,,,3.0245805445483374,-0.010040921237977405,0.8752639830629536,0.5048149602245328,2.796468860490656,0.12855745309602185,0.14146315298541579,231.07909001949244,192.86647193249672,204.33892711418196,346.37739093204857,11.778480442244188,9.40600805300869
138,ESO238-005,PGC68672,335.627,-48.404,7.834296427662114,0.1783303585495561,0.1824842062146761,CF4,706.0,3.0,LEDA,,,5.857796208591009,-0.014744701587355845,-0.6868636336611897,2.32796114021313,10.872936822116333,0.2325935975083233,0.23773567568742315,1204.6227038872175,59.249985361035975,60.36207243796991,1142.9776362513794,7.980958991809985,7.953769853154881
139,Tucana,PGC69519,340.458,-64.4206,0.899497,0.0164176811,0.0167229086,CF4,194.0,4.0,LEDA,,,5.942113064754855,-0.019623636953111638,-0.7454751218795719,2.412043709287099,4.591637643139405,0.08382552785404851,0.08538396078886379,691.8613721199305,33.352640924809585,33.822286707426954,696.9496706175008,8.455683497865493,8.461045943505837
140,PGC704814,PGC704814,359.6696,-31.4676,3.58096437102636,0.1295269776677949,0.1343879199453623,CF4,270.0,89.0,LEDA,,,6.277418739330997,-0.009585579118880232,-0.9233131756287335,2.7474162440056693,7.318504044442289,0.1964059082057119,0.2024836833480439,804.950567943481,131.72785363355143,133.046483519399,796.0114334060178,92.4471959076011,92.23321666941342
141,ESO407-018,PGC71431,351.616,-32.3886,2.1677041048196948,0.0784079739656538,0.0813505010160842,CF4,62.0,3.0,LEDA,,,6.136856902692381,-0.00986613176250379,-0.8604764663559873,2.6070004446451893,5.852190952311719,0.14337555704449922,0.147469957443068,605.5465607695205,37.17262774903705,38.00190258252646,589.941287609769,8.353900751809533,8.315416951330576
142,ESO347-017,PGC71464,351.7344,-37.3469,8.241381150130017,0.2980988028872016,0.3092859787168009,CF4,691.0,3.0,LEDA,,,6.138923372526743,-0.011376516315032226,-0.8614947493293952,2.6090024617711487,11.751978936846609,0.36007326271372087,0.37238831749731993,1216.334984655255,81.72096666304179,84.20898775482941,1187.046556767297,8.177487807475018,8.154681853912507
143,IC5332,PGC71775,353.6145,-36.1016,8.790225168308838,0.3956253031148744,0.4142705492228771,CF4,705.0,3.0,LEDA,,,6.171737307793489,-0.010997176242171837,-0.8776816526969707,2.6417993792464114,12.33823983626303,0.4576600101434689,0.47743917463591323,1234.251820542217,98.44430368510665,102.30482465698438,1205.7268094109957,8.258740108153006,8.232789572644833
144,ESO471-006,PGC72228,355.9379,-31.9593,4.265795188015924,0.1542979769707004,0.1600885356103356,CF4,269.0,9.0,LEDA,,,6.212288287634325,-0.009735359504189356,-0.8963944125566505,2.6823634221208614,7.9342114807684245,0.21943557370064593,0.22640451901793934,805.6588395495087,57.64931921599508,59.037424560188086,788.3178876424678,14.156091690671587,14.114952341304388
145,ESO149-003,PGC72675,358.0122,-52.5774,6.854882264526615,0.1560361703613528,0.1596707196730991,CF4,589.0,5.0,LEDA,,,6.248491652308443,-0.01601599192709369,-0.9116840620237664,2.718160483957565,10.51550197060049,0.2225093435815939,0.2273734291521805,1119.193633540226,57.188495404300326,58.21778980435206,1103.721126796449,10.031365503556344,10.020403142509167
146,NGC7793,PGC73049,359.4573,-32.591,3.7670379898390873,0.1026622433607542,0.1055384593770805,CF4,228.0,3.0,LEDA,,,6.273713405329013,-0.00992778632826862,-0.9218788046020948,2.7436979793250624,7.497975215124914,0.170085647525684,0.1742022042081537,766.1622208654942,42.579913250591,43.414034745539155,754.325142545846,8.1657695382263,8.152844564225802
147,PGC083339,PGC83339,161.7369,12.9992,9.418895965228415,0.5473358448487993,0.5811040347715828,CF4,832.0,4.0,LEDA,,,2.8228414269688167,0.003959782763291383,0.7604783506123037,0.7067468835830021,6.940785960743561,0.5387108300614774,0.5799041606740101,193.35087649790927,96.31669119959709,101.77038289286534,519.2993290412892,13.02182825991116,12.592818361678269
148,PGC086635,PGC86635,187.0206,22.2908,6.165950018614819,0.2503336768600803,0.2609271545553753,CF4,603.0,1.0,LEDA,,,3.264125239055307,0.006790165980981564,0.9648426519243634,0.2659522816966695,2.626866570867327,0.2832028400087152,0.2998161956991945,51.439814327308206,41.7740831752167,43.608179492541886,129.6358179931728,10.159174022687608,10.46406801224748
149,PGC086644,PGC86644,192.9423,21.7357,5.834451042737443,0.2110377908339522,0.2189577048016833,CF4,582.0,4.0,LEDA,,,3.367478401370655,0.006621072851257962,0.9867448786843454,0.1630000509549441,2.1007975443586018,0.2632669237961287,0.27415209110626826,36.93324530058432,39.35325978499872,40.51670922577656,71.99745471202615,11.365485275785687,11.646215918226218
150,PGC086668,PGC86668,135.725,20.0747,8.629785477669701,0.2737552953572226,0.2827239036677529,CF4,484.0,3.0,LEDA,,,2.368848127269304,0.006115103316992239,0.39870355570087684,1.1606935815314015,7.92648248271429,0.2483592833800916,0.25680733988687443,6260.397906256344,5923.972293859903,6104.2080631576055,462.5616552521112,10.818919608461101,11.100402081603704
151,PGC086669,PGC86669,139.8764,21.6036,9.078205301781855,0.4880700867279053,0.5158010133774766,CF4,497.0,6.0,LEDA,,,2.441303725836596,0.006580832890104138,0.4640304038038952,1.0882566054211011,8.048449751419135,0.43907461810141957,0.47424564571208805,-7559.493495064891,17077.00915369927,18209.534273679794,427.1108089065261,17.361629959647587,17.173768180166974
152,dw1322-39,,200.6336,-39.906,2.95,0.05,0.05,-10,656.0,10.0,-7,stars,dIrr,3.501716910129295,-0.012156062754008393,0.9996162341266746,0.02770524938991387,0.936478980232243,0.1201810396616001,0.12164919453949186,-114.87050018401182,137.91109599396947,139.39190694519993,-112.41000702529507,15.284078735279806,15.352187241618225
153,dw1323-40a,,201.2233,-40.7612,3.73,0.15,0.15,-10,450.0,14.0,-7,stars,dSph,3.5120091167283056,-0.012416571571409987,0.9998482791843695,0.01741979634324551,0.16561712451501917,0.09916725034747213,0.21404364048974897,99.3485063857526,3136.8180444408476,6580.585130207634,87.13348517317482,160.4063394860251,23.036348301167124
154,dw1323-40b,,200.9809,-40.8361,3.91,0.61,0.61,-10,497.0,12.0,-7,stars,dSph,3.507778438621471,-0.012439387416152012,0.999765662650632,0.021649318800929625,0.08893875136900664,0.005752413028659059,0.6258258223535201,-144.70417807709273,6332.491986269701,294151.28449016914,-3.4041544321237907,56.049480101506575,65.76385643750457
155,dw1341-43,,205.4032,-43.8553,3.53,0.04,0.04,-10,636.0,14.0,-7,stars,dSph,3.5849621341324167,-0.013359088329972041,0.99845732299556,0.055553106299260045,0.4074590269775812,0.09121326877563957,0.10031637057777576,-106.88114513802167,550.9161663914822,600.8181809761044,-65.16248647473704,25.25442157367732,28.617052047342504
156,dw1342-43,,205.6837,-43.2548,2.9,0.14,0.14,-10,510.0,8.0,-7,stars,Tr,3.5898577826842604,-0.013176165569390124,0.9981738866553382,0.06044285560964279,1.0024942852736158,0.2046180196033841,0.20804278547349164,32.751162782651605,66.1099405336391,66.9217820244333,37.134400741568804,13.786252899036793,13.902027698194026
157,CoM_CenA_M83_0.76,,202.22105221846184,-0.683075358910343,3.881774486782389,0.07086921768658254,0.07218677481368435,,541.3159456250875,5.040000000000001,,,,3.5294231780595426,-0.011921914052227471,1.0,0.0,0.0,0.0,0.1430559925002672,0.0,0.0,,0.0,0.0,
