,Name,PGC,RA,Dec,Dis,e_Dis_min,e_Dis_max,ref_dis,V_h,e_V_h,ref_V_h,Source,Type,e_V_LG,RA_radians,Dec_radians,cos_theta_CoM_NGC5128_CenA_NGC5236_M83_0.83,angular_distance_CoM_NGC5128_CenA_NGC5236_M83_0.83,dis_center_CoM_NGC5128_CenA_NGC5236_M83_0.83,e_dis_center_min_CoM_NGC5128_CenA_NGC5236_M83_0.83,e_dis_center_max_CoM_NGC5128_CenA_NGC5236_M83_0.83,major_infall_velocity_CoM_NGC5128_CenA_NGC5236_M83_0.83,e_major_infall_velocity_min_CoM_NGC5128_CenA_NGC5236_M83_0.83,e_major_infall_velocity_max_CoM_NGC5128_CenA_NGC5236_M83_0.83,minor_infall_velocity_CoM_NGC5128_CenA_NGC5236_M83_0.83,e_minor_infall_velocity_min_CoM_NGC5128_CenA_NGC5236_M83_0.83,e_minor_infall_velocity_max_CoM_NGC5128_CenA_NGC5236_M83_0.83
0,PGC1599237,PGC1599237,138.4131,19.6188,8.128305161640995,0.3300040564084057,0.3439689797649734,CF4,322.74875595669494,2.0,LEDA,,,2.0,2.415764322892163,0.005976228235311479,0.44495647327258364,1.1096706697748222,7.2815972065945225,0.23092140191152707,0.23092140191152707,6419.188061182994,6191.9052292057295,6191.9052292057295,292.95968291849994,80.2665876155352,80.2665876155352
1,PGC166152,PGC166152,196.2597,-40.0823,5.807644175213121,0.3374845462734024,0.3583058434016974,CF4,361.9355030193232,2.0,LEDA,,,2.0,3.4253779539763154,-0.01220976680511679,0.9950119818843859,0.09992167293407014,2.062922382266,0.6557165461654522,0.6557165461654522,58.398235412824484,5.945523084371987,5.945523084371987,63.93203340603473,13.592006213360657,13.592006213360657
2,KK189,PGC166158,198.1883,-41.832,4.21,0.17,0.17,-6,501.46315827146793,4.0,-7,stars,dSph,4.0,3.459038373930278,-0.012742755904517594,0.9978052523663645,0.06626538950854251,0.4891902138713929,1.2947051010002597,1.2947051010002597,238.86035345578978,33.57771506070971,33.57771506070971,180.21355766005593,46.48698961199509,46.48698961199509
3,PGC166163,PGC166163,200.2845,-31.5291,5.495408738576244,0.2473341360785239,0.2589906347953272,CF4,344.5713239817594,3.0,LEDA,,,3.0,3.495623965710583,-0.009604313090197113,0.9995560451417473,0.02979891647229945,1.7020881985572218,0.5815746195681474,0.5815746195681474,40.524150896301805,6.135515805910132,6.135515805910132,41.136732313922884,7.634081855949681,7.634081855949681
4,KK203,PGC166167,201.8681,-45.3524,3.78,0.25,0.25,-3,57.40932932841815,10.0,-7,stars,Tr,10.0,3.523262999745165,-0.013815131069134724,0.9999966843397263,0.0025751357657186153,0.021158831903894393,44.412245955707455,44.412245955707455,277.8174678950704,816.9043701548371,816.9043701548371,219.08795055374338,2978.182910675849,2978.182910675849
5,KK221,PGC166179,207.1917,-46.9974,3.82,0.07,0.07,-1,267.8207857080964,13.0,-14,stars,dIrr,13.0,3.616177347804335,-0.014316226724683858,0.9958727340255257,0.09088573218466535,0.3467487085487854,0.7014534411940094,0.7014534411940094,-2373.2524221100844,43109.655932467824,43109.655932467824,23.716241865377476,10.617964336835545,10.617964336835545
6,PGC020125,PGC20125,106.3238,-58.5189,5.176068319505678,0.2556729626911664,0.2689582089185336,CF4,278.68704610944906,4.0,LEDA,,,4.0,1.855700383231947,-0.01782587632675642,-0.09840827828654429,1.6693641353434197,6.715081340563277,0.23813622384585303,0.23813622384585303,516.7187987786356,16.971933275732187,16.971933275732187,425.4176445269019,83.84301111668613,83.84301111668613
7,ESO558-011,PGC20171,106.7376,-22.0396,7.014552984199714,0.3157068900344519,0.3305856973714407,CF4,493.0354562113097,3.0,LEDA,,,3.0,1.8629225556766995,-0.006713646085131142,-0.09136906999515172,1.662293006276184,8.276714859514442,0.31268255814213824,0.31268255814213824,650.8683618471687,22.4168138507705,22.4168138507705,601.6373595318678,157.40218496166287,157.40218496166287
8,UGC03755,PGC20445,108.4653,10.5211,7.516228940182051,0.1710902586109073,0.1750754626840427,CF4,188.80529607802544,2.0,LEDA,,,2.0,1.8930766091634055,0.00320491033531794,-0.06142985962663419,1.632264887747103,8.627417378032735,0.16696589507708026,0.16696589507708026,639.24651046762,16.76651857921709,16.76651857921709,319.760065600407,46.97368486225649,46.97368486225649
9,ESO059-001,PGC21199,112.8268,-68.1875,4.5289757990362105,0.0621398775265786,0.0630043293324806,CF4,246.7721819663658,4.0,LEDA,,,4.0,1.9691991444891384,-0.02077110031170619,0.014937969731602626,1.555857801457088,5.867563866135985,0.06551359418030306,0.06551359418030306,472.4028125027174,10.689562837885852,10.689562837885852,381.4511552578603,21.224862017276447,21.224862017276447
10,UGC03974,PGC21600,115.4808,16.8025,7.979946872679773,0.073160592681515,0.0738375393108983,CF4,162.279877513386,2.0,LEDA,,,2.0,2.0155201828370677,0.005118334195966171,0.060903507677865495,1.5098551052060964,8.62657396499981,0.06933299407495838,0.06933299407495838,766.1047609817007,20.832725648823445,20.832725648823445,262.5368272407887,17.072088971112436,17.072088971112436
11,PGC021614,PGC21614,115.632,16.5612,7.798301105232589,0.1069967023664952,0.1084851747656685,CF4,172.84758687488682,4.0,LEDA,,,4.0,2.018159120666083,0.005044830012571638,0.06353801239303451,1.5072154852195372,8.454566103578287,0.0971732472874227,0.0971732472874227,750.1715866734754,21.771888434164833,21.771888434164833,273.3041579511754,25.393912417598184,25.393912417598184
12,UGC04115,PGC22277,119.259,14.391,7.691304402866094,0.1055286525742618,0.1069967023664952,CF4,222.34111983350223,6.0,LEDA,,,6.0,2.0814622126359175,0.004383749288150523,0.12654630271132825,1.4439098153142043,8.135853303399832,0.09098016199336571,0.09098016199336571,794.577560114688,26.747389945199917,26.747389945199917,302.6583093003354,27.345090378278158,27.345090378278158
13,ESO495-021,PGC24171,129.0633,-26.4093,8.053784411990671,0.2554833067580819,0.2638532990360431,CF4,571.9098072004841,9.0,LEDA,,,9.0,2.2525795284891976,-0.008044732824373122,0.29374167215898395,1.2726574759570106,7.83073208262996,0.19429477373712653,0.19429477373712653,743.6429290048683,78.77289591247423,78.77289591247423,562.3523390387675,115.63850709600372,115.63850709600372
14,ESO496-010,PGC24781,132.2749,-26.3215,8.394599865193978,0.3036408734101439,0.315036034366825,CF4,519.3701878521875,10.0,LEDA,,,10.0,2.3086325227462474,-0.00801798741491585,0.34682779316056755,1.216609487458011,7.923375426386228,0.22464814175868186,0.22464814175868186,1106.8524721854221,204.0242215711319,204.0242215711319,497.9486645065497,124.01522197177124,124.01522197177124
15,NGC2835,PGC26259,139.4703,-22.3546,11.857687481671608,0.8929055202397631,0.9656183448886236,CF4,602.0549205496354,2.0,LEDA,,,2.0,2.4342159437442477,-0.006809600572363956,0.46155573109730175,1.0910482220319293,10.651487200013229,0.6293785768079151,0.6293785768079151,-166.68849735701076,46.145847323789035,46.145847323789035,523.3326800198284,437.5710595291404,437.5710595291404
16,NGC2915,PGC26761,141.5493,-76.6264,4.187935651179182,0.0574606312775713,0.0582599882839476,CF4,188.9964952055664,3.0,LEDA,,,3.0,2.470501338893209,-0.023341736255544247,0.4935111581100391,1.054674153333216,4.033228379865402,0.04390666510231004,0.04390666510231004,490.9093839381691,24.10944570268797,24.10944570268797,238.97752013090823,8.713900259248843,8.713900259248843
17,NGC2903,PGC27077,143.0421,21.5014,8.953647655495944,0.3635124404419798,0.3788953524739735,CF4,442.0650859129727,2.0,LEDA,,,2.0,2.496555613966981,0.006549700989801936,0.5157588085894502,1.0289032140854493,7.7145058665829005,0.2444518703044817,0.2444518703044817,-716.5296236606957,160.20769820844038,160.20769820844038,368.5122673385367,112.65418085136335,112.65418085136335
18,UGC05086,PGC27115,143.2034,21.4657,8.27942163712334,0.3361392898805242,0.3503638405463611,CF4,393.8593716230236,34.0,LEDA,,,34.0,2.4993708300504474,0.00653882614791555,0.5181683692394085,1.0260883291316194,7.09823951101812,0.22717128836172784,0.22717128836172784,-1444.5622660234558,578.4618650308854,578.4618650308854,329.12940453018024,95.79556197611548,95.79556197611548
19,PGC2806961,PGC2806961,137.2236,14.5829,9.3756200692588,0.4631106879213451,0.4871747870533003,CF4,172.26569695583245,6.0,LEDA,,,6.0,2.3950036314396907,0.004442205371007593,0.426294728136294,1.1304036268567565,8.483350002088995,0.33073939847877876,0.33073939847877876,-9881.927058836296,10460.58333800712,10460.58333800712,150.40307049797804,64.81280544467299,64.81280544467299
20,PGC2807061,PGC2807061,105.1176,-4.2071,6.516283940608428,0.2645570128515695,0.2757523855634183,CF4,110.49003755469128,4.0,LEDA,,,4.0,1.8346482217943914,-0.0012815559467846617,-0.11955097880551425,1.690633932049562,7.925360980314929,0.262877770514415,0.262877770514415,549.3134115583393,16.81197092903649,16.81197092903649,272.8192595754178,61.79563635968052,61.79563635968052
21,PGC2807065,PGC2807065,116.525,-28.4263,5.675446054085469,0.230419525661258,0.2401702876692688,CF4,217.6799985617667,7.0,LEDA,,,7.0,2.0337449108863925,-0.008659146160082915,0.07924841453489605,1.4914647261650231,6.57451320909152,0.19170119936452837,0.19170119936452837,563.0857090826246,24.253238309009287,24.253238309009287,332.8416079348552,59.28895744530898,59.28895744530898
22,PGC2807150,PGC2807150,208.6396,4.2444,2.5468302525850426,0.2873944823640655,0.3239503294396515,CF4,206.5365849826047,3.0,LEDA,,,3.0,3.641447970043961,0.0012929181765427057,0.9931720511801216,0.11692504561724201,1.3036419941692936,0.3186513662612549,0.3186513662612549,101.63040298439265,6.583412219614045,6.583412219614045,101.84280166161717,9.530555842689726,9.530555842689726
23,KKs54,PGC2815821,200.3829,-31.8864,3.75,0.1,0.1,-10,393.991542422248,11.0,-7,stars,Tr,11.0,3.4973413696945457,-0.009713152894286904,0.999605817779143,0.02807875069098734,0.11665977335253813,3.1146637028273334,3.1146637028273334,-208.36168973754272,418.00735398301384,418.00735398301384,-28.680096086932302,93.07128415399129,93.07128415399129
24,KKs55,PGC2815822,200.55,-42.7311,3.85,0.07,0.07,-1,282.3448050687075,14.0,-7,stars,Sph,14.0,3.500257814874628,-0.013016637426647822,0.9996860383612021,0.02505905300785734,0.10866290101609534,2.4103885887652217,2.4103885887652217,-47.41740126845511,80.66564128979763,80.66564128979763,-3.765826084427926,20.983371538429285,20.983371538429285
25,KKs57,PGC2815823,205.4079,-42.5797,3.84,0.47,0.47,-1,274.8249519203368,17.0,-7,stars,Sph,17.0,3.5850441646072606,-0.012970518349292116,0.9982162952875694,0.05973667603546097,0.23181545570662085,7.316349160120776,7.316349160120776,-200.60071487713728,2686.6765009021397,2686.6765009021397,11.814676851680286,60.183398236617144,60.183398236617144
26,KKs58,PGC2815824,206.5031,-36.3289,3.36,0.1,0.1,-10,255.9270951543958,5.0,-7,stars,dSph,5.0,3.6041590105751022,-0.011066415781689357,0.9968925228132192,0.0788554110277006,0.5213922081225495,0.5481285493743194,0.5481285493743194,56.815317151166944,9.511958836433482,9.511958836433482,52.40828142995032,8.503447010954087,8.503447010954087
27,UGC05288,PGC28378,147.8208,7.8283,11.27197456175511,0.6550189897678518,0.6954307513173266,CF4,374.551093721425,12.0,LEDA,,,12.0,2.579959662932034,0.0023846365473162907,0.5853864582492653,0.9454396860081407,9.55803151852053,0.41355736592027587,0.41355736592027587,-289.5895023320727,37.95761317844006,37.95761317844006,265.50312543158674,161.01577086254542,161.01577086254542
28,UGC05373,PGC28913,150.0001,5.3322,1.3995873225726183,0.0192030579697339,0.0194701991164747,CF4,111.89936479366617,2.0,LEDA,,,2.0,2.617995623320746,0.0016242810057866875,0.6157992236737626,0.9073963939348779,3.1371119350899224,0.06621407262088556,0.06621407262088556,251.2059034964147,5.906990533258455,5.906990533258455,251.15789734328845,12.416278880675604,12.416278880675604
29,PGC029033,PGC29033,150.4092,-8.2485,9.727472237769655,1.097686760099954,1.2373097236622073,CF4,202.20693400480775,3.0,LEDA,,,3.0,2.625135765290655,-0.0025126367871106657,0.6214579441743764,0.9001940599648565,7.945161313384582,0.7462025798706411,0.7462025798706411,-631.0284557085961,127.7718136166361,127.7718136166361,101.50758260504082,114.49196454342264,114.49196454342264
30,NGC3109,PGC29128,150.7786,-26.1595,1.3061708881318403,0.0530297131904253,0.0552737943341083,CF4,109.57324371604147,2.0,LEDA,,,2.0,2.6315830115475225,-0.007968639392910403,0.6265445008823787,0.8936846783665291,3.149465185230289,0.06786522258015543,0.06786522258015543,248.78451019290821,5.975193669971167,5.975193669971167,250.39565456801736,12.960536399098215,12.960536399098215
31,PGC029194,PGC29194,151.0165,-27.332,1.3365955165464416,0.0601567077350992,0.0629918060261767,CF4,65.34599654157512,3.0,LEDA,,,3.0,2.6357351498380166,-0.00832580331761032,0.6297775077551988,0.8895295790391418,3.133987564524183,0.06786982382648929,0.06786982382648929,278.6644062384654,6.3058171638298,6.3058171638298,264.89716540298195,13.16485275779153,13.16485275779153
32,UGC05456,PGC29428,151.8324,10.362,10.28016298126473,0.9904991134653685,1.0961098769695674,CF4,375.3594626295077,3.0,LEDA,,,3.0,2.6499752912050387,0.0031564457038298745,0.6406522289320186,0.8754489187289861,8.371075863785677,0.6442902351925811,0.6442902351925811,-191.03561359285092,30.272447104315876,30.272447104315876,250.58885386069008,233.9304351704033,233.9304351704033
33,PGC029653,PGC29653,152.7533,-4.6928,1.4125375446227544,0.0510928621568034,0.053010296333156,CF4,94.03202720967798,1.0,LEDA,,,1.0,2.6660480282866543,-0.001429508627575066,0.652966655335418,0.8593015087840509,3.0689454539984413,0.06699190638157028,0.06699190638157028,258.9243491491583,5.9776231175877275,5.9776231175877275,252.2860633878483,12.517859769671029,12.517859769671029
34,PGC3097113,PGC3097113,207.8286,-46.9735,5.597576014951097,0.3009415760345248,0.3180403268036409,CF4,291.28721398120115,5.0,LEDA,,,5.0,3.6272933498102873,-0.014308946368350957,0.9948027077193091,0.10199804414918347,1.8592249142376507,0.6446540715540245,0.6446540715540245,-15.03259045306281,7.653616936014191,7.653616936014191,-4.527750078030694,7.06242356322652,7.06242356322652
35,PGC3097708,PGC3097708,189.3995,-8.8671,9.549925860214357,0.429817466655269,0.4500741397856451,CF4,917.490311350293,5.0,LEDA,,,5.0,3.305644876631,-0.002701073122990724,0.9759274188799573,0.21986262745997545,5.901046941805661,0.2965931847990631,0.2965931847990631,631.9966279364936,8.189097611760564,8.189097611760564,623.8910483698023,233.2936639622962,233.2936639622962
36,UGC05797,PGC31693,159.855,1.7185,10.185913880541165,0.9814181630094492,1.0860606812139295,CF4,507.48760181177454,2.0,LEDA,,,2.0,2.789996075775535,0.0005234850359034587,0.7415600042848742,0.735403659219081,7.797159744946586,0.6143517869933609,0.6143517869933609,150.03833303252455,17.052897979383882,17.052897979383882,333.1838868607344,302.9091199920494,302.9091199920494
37,ESO376-016,PGC31961,160.8636,-37.0439,6.760829753919814,0.3042874635732682,0.3186280899215647,CF4,364.46306419038063,6.0,LEDA,,,6.0,2.8075994666111503,-0.011284217236836855,0.75334904934354,0.7176563204239251,4.63067805820979,0.22602584902734046,0.22602584902734046,-105.57891480346179,28.86208083751537,28.86208083751537,221.87244140556172,50.71560255629898,50.71560255629898
38,NGC3351,PGC32007,160.9904,11.7035,9.727472237769655,0.1334659226103234,0.1353226185424603,CF4,624.0546821630431,2.0,LEDA,,,2.0,2.809812544102679,0.0035650899724737443,0.7546638295802525,0.7156547260788868,7.299384556148308,0.0853958956470968,0.0853958956470968,343.86670751206316,13.142543469515555,13.142543469515555,438.9845844598033,50.445672864159086,50.445672864159086
39,NGC3368,PGC32192,161.6904,11.8198,10.91440336448757,0.4431178839785694,0.4618694937467449,CF4,739.3049155288525,2.0,LEDA,,,2.0,2.8220298488666398,0.003600516978394938,0.7626205624624787,0.7034415381336881,8.385482882901186,0.2518317571425165,0.2518317571425165,481.3359185573368,16.74811805335365,16.74811805335365,542.7696322659466,212.57107674327537,212.57107674327537
40,NGC3377,PGC32249,161.9265,13.9856,10.185913880541165,0.0933850197743204,0.0942491007235659,CF4,541.8622481604492,11.0,LEDA,,,11.0,2.826150571230598,0.004260257386168992,0.7652687542433265,0.6993375922475243,7.678601950756581,0.06441884333357241,0.06441884333357241,212.493074405403,19.377373387268083,19.377373387268083,355.3972942785803,32.29803235900046,32.29803235900046
41,ESO318-013,PGC32250,161.9232,-38.8537,6.760829753919814,0.123399049900728,0.1256932095229395,CF4,409.4999110311934,7.0,LEDA,,,7.0,2.8260929753652824,-0.01183551384316684,0.7653821776472952,0.6991613713923274,4.56345141603091,0.09249843646133903,0.09249843646133903,30.985238342591554,25.126493316586036,25.126493316586036,254.09774892616133,23.529711613052875,23.529711613052875
42,NGC3379,PGC32256,161.9566,12.5816,11.066237839776658,0.1014558783448134,0.102394638028942,CF4,759.1833558135661,6.0,LEDA,,,6.0,2.8266759153354486,0.0038325745287884527,0.7656132805511375,0.6988022028379111,8.516007846641253,0.06701515108492366,0.06701515108492366,505.01611420081423,14.12528727206222,14.12528727206222,560.370178867318,52.76770648972414,52.76770648972414
43,NGC3384,PGC32292,162.0705,12.6294,9.204495717531715,0.0843873239726136,0.0851681502676466,CF4,414.5289015306474,6.0,LEDA,,,6.0,2.82866384535347,0.0038471352414542574,0.7668900175477794,0.6968151873530906,6.747116337766888,0.061261772460898596,0.061261772460898596,28.593875020992378,14.56707224017401,14.56707224017401,239.59568829689672,19.560385107568685,19.560385107568685
44,NGC3621,PGC34554,169.5687,-32.814,6.8233869414167,0.2770252007439451,0.2887481951165949,CF4,438.1185984775583,3.0,LEDA,,,3.0,2.959532123326509,-0.009995716012881057,0.844190348486519,0.5657433822358795,4.150374912425813,0.2333558061157065,0.2333558061157065,139.17371704010975,15.781720703940788,15.781720703940788,238.05302559440997,47.90212924573048,47.90212924573048
45,NGC3627,PGC34695,170.0625,12.991,11.015393095414156,0.4957743571819328,0.5191394827967795,CF4,584.4903960939342,2.0,LEDA,,,2.0,2.9681505591728565,0.003957284900449131,0.848643306223448,0.5573811401301149,8.046528823059191,0.27447610166710285,0.27447610166710285,278.31375082901917,9.548832580559765,9.548832580559765,356.25870549801874,158.8569514949077,158.8569514949077
46,ESO320-014,PGC36014,174.4716,-39.2206,5.861381645140288,0.1069822717687163,0.1089712206980788,CF4,362.1827864744439,4.0,LEDA,,,4.0,3.0451038712225387,-0.011947277974486581,0.8869175682774794,0.4801674871135421,3.0479748698226996,0.11747589668334298,0.11747589668334298,37.33059764377386,14.081299535815916,14.081299535815916,156.4891115450589,12.316717348036947,12.316717348036947
47,ESO379-007,PGC37369,178.6798,-33.5588,5.321082592667939,0.1687961468503775,0.1743261459083047,CF4,364.5552165369644,3.0,LEDA,,,3.0,3.118550816804964,-0.010222595067138195,0.9184173031183157,0.40673522367579407,2.369721753356628,0.23359905048663362,0.23359905048663362,66.92294464795243,14.779900525425608,14.779900525425608,142.2294004423521,13.83293218828827,13.83293218828827
48,ESO572-034,PGC37727,179.742,-19.0299,10.28016298126473,0.3718435323370528,0.3857982310378318,CF4,871.5065883944192,4.0,LEDA,,,4.0,3.1370897041196475,-0.005796839036799086,0.9255713353754289,0.388254325743543,6.915314772148222,0.22417406273314802,0.22417406273314802,607.9783816175748,9.497745482265197,9.497745482265197,601.0964641023509,196.30310352701076,196.30310352701076
49,ESO379-024,PGC38252,181.2362,-35.7431,5.345643593969718,0.2405935942156567,0.2519324209813893,CF4,355.49713053756994,6.0,LEDA,,,6.0,3.163168413802947,-0.010887970897178302,0.9351490642309759,0.3621167127876301,2.242018440635573,0.3670411546415016,0.3670411546415016,52.97883733963008,15.663926423423229,15.663926423423229,121.55412843164635,17.807427372513306,17.807427372513306
50,ESO321-014,PGC39032,183.4571,-38.231,3.2508729738543423,0.1463133857259904,0.1532089231556668,CF4,334.83817945052454,3.0,LEDA,,,3.0,3.201930431160489,-0.011645828575865658,0.9481750431458,0.3233539419379163,1.2570613121486722,0.2541515524452749,0.2541515524452749,-23.518999374593854,11.413357879165174,11.413357879165174,79.78878956084826,10.397763039832045,10.397763039832045
51,IC3104,PGC39573,184.692,-79.7259,2.301441817408507,0.0210997454080899,0.0212949789485978,CF4,170.2163054273379,4.0,LEDA,,,4.0,3.223483502093367,-0.02428589794817315,0.9547402654471677,0.30201100402056025,1.7416616632277246,0.06542230194603373,0.06542230194603373,153.96028123225128,7.2177240704049295,7.2177240704049295,150.0757592429362,7.083390869246303,7.083390869246303
52,HIPASSJ1247-77,PGC3994669,191.8908,-77.5826,3.388441561392023,0.2551558370764417,0.2759341850863102,CF4,153.80087704155716,4.0,LEDA,,,4.0,3.349126264285935,-0.023633011432344298,0.9844609426838687,0.176518943065994,0.7539284547257158,0.9694778785292476,0.9694778785292476,248.6104530522448,106.67755329972705,106.67755329972705,115.07057673783953,39.76684642006691,39.76684642006691
53,NGC4298,PGC39950,185.3867,14.6061,14.521116175877411,1.27770082393077,1.4009710946342704,CF4,1029.6399299357238,5.0,LEDA,,,5.0,3.2356083044069717,0.004449272495146644,0.958194093044036,0.2901740429046979,10.935302788470379,0.522068927906564,0.522068927906564,737.8430075535723,8.680400497820873,8.680400497820873,743.2620701430903,942.6101402015564,942.6101402015564
54,PGC040045,PGC40045,185.5317,15.7992,9.078205301781855,1.0244208897911982,1.1547246210256912,CF4,1205.550487550194,2.0,LEDA,,,2.0,3.2381390318223637,0.004812711538694166,0.9589078334267783,0.2876689745589232,5.541354067543419,0.786959610685562,0.786959610685562,962.1831979271536,21.65297258503226,21.65297258503226,913.2897735976712,845.286227750556,845.286227750556
55,NGC4328,PGC40209,185.8333,15.8205,14.521116175877411,1.5194203955445076,1.6969847977118668,CF4,386.3495026105897,10.0,LEDA,,,10.0,3.2434029448463786,0.004819199889735623,0.9603852391148695,0.28241499429064465,10.924244099016128,0.6293974168680718,0.6293974168680718,72.09078025681089,11.827887813190456,11.827887813190456,102.0814869159253,158.27955069500945,158.27955069500945
56,UGC07512,PGC40563,186.4212,2.1593,11.587773561551264,0.4191410837456395,0.4348707846228556,CF4,1352.9823866604595,2.0,LEDA,,,2.0,3.253663735518853,0.0006577603945454399,0.9632507301390942,0.2719433281206466,7.993989388186903,0.22126486152082395,0.22126486152082395,1084.7829823521827,7.0965920908607725,7.0965920908607725,1061.8294822722316,404.8582804908334,404.8582804908334
57,NGC4413,PGC40705,186.6342,12.6106,14.723125024327189,0.2687273168679063,0.273723330696539,CF4,-10.63572754312996,4.0,LEDA,,,4.0,3.2573812868256007,0.003841408433962267,0.9641955707039557,0.26840325106533636,11.106147388529005,0.11900981951237599,0.11900981951237599,-335.7706332359617,7.030297596831646,7.030297596831646,-295.2632365832327,75.34395620109782,75.34395620109782
58,6dFJ0956376-092911,PGC4078671,149.1567,-9.4863,9.162204901219992,0.4525690016591888,0.4760853350197056,CF4,372.585703880873,41.0,LEDA,,,41.0,2.6032755164094263,-0.002889692229322654,0.6041901257329099,0.922047208668714,7.504587310510646,0.2940521587655786,0.2940521587655786,-341.1942328554438,116.20069878980327,116.20069878980327,270.5521654247656,112.45736697597368,112.45736697597368
59,NGC4455,PGC41066,187.1837,22.8215,6.456542290346557,0.2621315395787409,0.2732242724966216,CF4,586.8174603145833,3.0,LEDA,,,3.0,3.2669718710653095,0.00695182644566237,0.966635586099248,0.25904290455900214,2.9496415161605873,0.3390424198444856,0.3390424198444856,317.8158770119011,10.254227865794958,10.254227865794958,302.18093103429766,52.33141698103101,52.33141698103101
60,PGC041395,PGC41395,187.7652,1.6758,9.204495717531715,0.5747102398620143,0.6129837126681341,CF4,954.300795500947,4.0,LEDA,,,4.0,3.277120960665657,0.0005104778720785662,0.9692804896166315,0.24850791963645363,5.600900694871642,0.41824248915974716,0.41824248915974716,678.8289432153335,9.172395626314486,9.172395626314486,662.7944760343238,330.32295442149734,330.32295442149734
61,NGC4437,PGC41618,188.1895,0.1146,8.165823713585919,0.4390178626289032,0.4639617640837823,CF4,971.9534132923036,2.0,LEDA,,,2.0,3.284526392681869,3.49091563075568e-05,0.9710788245942231,0.2410878112893067,4.56786572254369,0.3842137257654758,0.3842137257654758,707.4377639703844,9.456276678487152,9.456276678487152,677.6084014725822,241.7688049204742,241.7688049204742
62,PGC042120,PGC42120,189.3085,-10.4979,9.594006315159332,0.3043424473599696,0.314313133768346,CF4,562.4539150109454,8.0,LEDA,,,8.0,3.3040566270116853,-0.003197843211178888,0.9755847910681194,0.22142814319797408,5.946794203487732,0.21104863967939197,0.21104863967939197,261.6115623784131,10.135976243249575,10.135976243249575,272.53657643460116,72.96067269343244,72.96067269343244
63,NGC4592,PGC42336,189.8281,-0.532,8.669618757582173,0.3519810465554585,0.3668759796408452,CF4,913.540450785043,2.0,LEDA,,,2.0,3.313125357805048,-0.000162056467326529,0.9775024220250275,0.21252032649379995,5.020656605738472,0.2826580449330811,0.2826580449330811,632.3398721348417,6.852811571340483,6.852811571340483,618.6363372944073,182.00762882237947,182.00762882237947
64,NGC4594,PGC42407,189.9976,-11.623,9.120108393559102,0.3298832252502475,0.3422632200988236,CF4,891.2959455963941,5.0,LEDA,,,5.0,3.3160836908871785,-0.0035405682701809137,0.9781563652737019,0.2093973509497341,5.461698646899696,0.2458291123628773,0.2458291123628773,605.3844219057675,8.031758682093518,8.031758682093518,596.7553506368372,168.14652480046374,168.14652480046374
65,NGC4600,PGC42447,190.0958,3.1177,9.078205301781855,0.2879801334730167,0.297414767476944,CF4,713.2988929334658,30.0,LEDA,,,30.0,3.3177976042126365,0.0009497057296690214,0.9784615729381946,0.20792398392114708,5.418296993105066,0.21763924353908687,0.21763924353908687,419.75934344727324,31.825661713036727,31.825661713036727,420.47358534276543,107.73618262723856,107.73618262723856
66,ESO381-018,PGC42936,191.1772,-35.9666,5.321082592667939,0.1211226273327836,0.1239439357562721,CF4,362.7240705102898,8.0,LEDA,,,8.0,3.3366715947437036,-0.010956052890500632,0.9822625780030503,0.18862718502091488,1.7419806352746696,0.26330164245281573,0.26330164245281573,63.69068567093369,11.694652900436234,11.694652900436234,81.75268464818757,10.058127024941042,10.058127024941042
67,ESO381-020,PGC43048,191.5017,-33.8381,5.345643593969718,0.1216817039785205,0.1245160349700009,CF4,335.3851605115155,3.0,LEDA,,,3.0,3.342335188166425,-0.010307674712484624,0.9833075441824284,0.18297050763158737,1.752355111669138,0.2640260851922174,0.2640260851922174,30.901811911643204,7.350361091950543,7.350361091950543,55.25283794686007,6.784890642435907,6.784890642435907
68,PGC043072,PGC43072,191.5638,10.2055,9.418895965228415,0.9075155832046456,1.0042783287046235,CF4,1031.9282546517231,2.0,LEDA,,,2.0,3.343419037631913,0.003108773077633255,0.9833873142167575,0.18253157280010665,5.724908722977923,0.6681026395273558,0.6681026395273558,744.6873535277824,7.76542819633896,7.76542819633896,734.2103475606651,604.8140557487679,604.8140557487679
69,SDSSJ124936.90+215505.7,PGC4343356,192.4035,21.9178,6.338697112569274,0.2852883650301372,0.2987335914498237,CF4,491.0819518190804,4.0,LEDA,,,4.0,3.35807456736091,0.006676543683401121,0.9858714793535185,0.16829685526683438,2.6705087642570975,0.4195950671333111,0.4195950671333111,196.23839692160865,7.617311394200146,7.617311394200146,197.92277466425688,37.439466159132024,37.439466159132024
70,PGC043851,PGC43851,193.4868,-12.1059,8.953647655495944,0.5590477903019657,0.5962782047184252,CF4,634.8316892688551,2.0,LEDA,,,2.0,3.3769817191477642,-0.0036876680221959155,0.9889841965428948,0.14856707396647253,5.2270524952625355,0.43705604438914336,0.43705604438914336,334.69356723066784,5.973062795601304,5.973062795601304,337.0024916003464,162.8345717340522,162.8345717340522
71,ESO443-009,PGC43978,193.7232,-28.3408,5.834451042737443,0.2881939131583388,0.3031690089104923,CF4,407.5512652825407,4.0,LEDA,,,4.0,3.381107677499479,-0.00863310137069115,0.9896158954640188,0.14423679192407485,2.1457589404190665,0.5283306979082183,0.5283306979082183,107.81216182616512,7.41316684878355,7.41316684878355,114.23898083169638,19.89648861213215,19.89648861213215
72,PGC044055,PGC44055,193.9185,19.2092,4.720630412635907,0.149748516487155,0.1546544883979592,CF4,362.2979751987631,4.0,LEDA,,,4.0,3.384516305528624,0.0058514569401668425,0.9899424451847207,0.14194688616795645,1.1002431940544473,0.5135289434444009,0.5135289434444009,68.6687887458854,9.315804639026753,9.315804639026753,74.4798400760685,5.708303230093834,5.708303230093834
73,NGC4826,PGC44182,194.1825,21.682,4.30526610491711,0.0590704654539804,0.0598922174845553,CF4,363.5384530831522,4.0,LEDA,,,4.0,3.3891239747538893,0.006604714895815415,0.99056457684907,0.13747944185679672,0.7517723179093675,0.2870227508800034,0.2870227508800034,90.40923968845188,15.026466836018937,15.026466836018937,73.82140742547534,5.146039393741242,5.146039393741242
74,UGC08091,PGC44491,194.6678,14.2173,2.137962089502231,0.1056050785660098,0.1110925163335481,CF4,138.35590541530493,2.0,LEDA,,,2.0,3.3975940576138175,0.004330837242333572,0.9917190183771011,0.12878226615633745,1.7008255200493905,0.07568709899735605,0.07568709899735605,169.08981466013552,5.779442728947032,5.779442728947032,167.55162582198906,10.257941227742839,10.257941227742839
75,PGC044681,PGC44681,194.9857,-19.4114,7.112135136533295,0.2887481951165949,0.3009672764758857,CF4,619.1440888098103,2.0,LEDA,,,2.0,3.4031424593059074,-0.005913050582447715,0.9925277955870365,0.1223235761390223,3.3737396167092633,0.3426158706364332,0.3426158706364332,321.2450816410313,5.986473732890126,5.986473732890126,319.42252491270057,68.86373917458384,68.86373917458384
76,PGC044982,PGC44982,195.5598,-17.2378,5.623413251903491,0.1783867234792797,0.1842309233096299,CF4,549.4505821792959,2.0,LEDA,,,2.0,3.4131623945416067,-0.005250934158799325,0.9936944437972022,0.1123583022409361,1.8970257888041222,0.36911473807766204,0.36911473807766204,256.4849875794248,6.433733540113249,6.433733540113249,248.62730279968935,22.611161842802364,22.611161842802364
77,PGC045084,PGC45084,195.8199,-17.4229,5.888436553555893,0.2390668054328637,0.2491834980920524,CF4,546.5745310070763,2.0,LEDA,,,2.0,3.417701995926044,-0.005307318843201844,0.9941925791250843,0.10782440001261802,2.1509297661103712,0.4396475987998687,0.4396475987998687,250.43311895412674,6.226539862182676,6.226539862182676,246.02561697524033,33.51515085902889,33.51515085902889
78,ESO269-037,PGC45104,195.8883,-46.5869,3.07609681474071,0.0975803853115189,0.1007772559090631,CF4,481.4448467815048,6.0,LEDA,,,6.0,3.418895801134408,-0.014191181273861415,0.9943427655963043,0.1064197022685807,0.8089974189288409,0.29026868350826485,0.29026868350826485,-190.90181489294272,10.611634377407938,10.611634377407938,-139.10776980850795,13.895815721443201,13.895815721443201
79,NGC4945,PGC45279,196.3638,-49.4679,3.388441561392023,0.0464911611308842,0.0471379176067228,CF4,299.57034892643287,3.0,LEDA,,,3.0,3.4271948417276414,-0.015068784060266922,0.9951877824786356,0.09814358924329682,0.5406088842070315,0.2547164528044309,0.2547164528044309,7.543737050509538,7.75250640935384,7.75250640935384,22.726179117533807,4.781275525920818,4.781275525920818
80,ESO269-058,PGC045717,197.6333,-46.9908,3.75,0.02,0.02,-1,140.480657571108,18.0,-5,HI,dIrr,18.0,3.449351796581709,-0.014314216249713265,0.9971151611241019,0.07597666738091967,0.2908097686356384,0.23839812480150202,0.23839812480150202,800.3490226434533,949.9250821918345,949.9250821918345,44.04480657383806,40.81738101043375,40.81738101043375
81,ESO269-037,PGC045916,195.8875,-46.5842,3.15,0.09,0.09,-1,481.44617087796087,2.0,-2,HI,dIrr,2.0,3.418881838500392,-0.01419035880682799,0.9943412843116419,0.10643364693702485,0.7458780457577422,0.29737671194970255,0.29737671194970255,-195.4096045246027,9.938389220774646,9.938389220774646,-133.13131717665604,14.986778028120753,14.986778028120753
82,ESO269-068,PGC45917,198.2985,-43.2649,3.6475394692560754,0.0334408428599437,0.0337502671692355,CF4,393.5879863045817,96.0,LEDA,,,96.0,3.4609617267659756,-0.013179242205329967,0.9979304527673236,0.06434689525556819,0.2832384346490131,0.40290576203774625,0.40290576203774625,-158.20769871922627,179.44299793309088,179.44299793309088,-28.762602186400056,53.99576582623847,53.99576582623847
83,HIPASSJ1348-37,PGC4614882,207.1396,-37.9681,5.520774392807576,0.1751307988378583,0.1808683299999023,CF4,359.0333691434523,6.0,LEDA,,,6.0,3.6152680312640464,-0.01156574465620373,0.9959565840623428,0.08995714255462005,1.770560012049973,0.38977182935459304,0.38977182935459304,55.730641142812956,8.342529546382043,8.342529546382043,60.392620658609886,9.454212208540845,9.454212208540845
84,NGC5068,PGC46400,199.7295,-21.0392,5.035006087879052,0.2044180674813205,0.2130685146186781,CF4,471.2759125948975,2.0,LEDA,,,2.0,3.4859373883620144,-0.006408906818376519,0.9992081355623597,0.03979871776650397,1.248423311026003,0.6501745299357793,0.6501745299357793,169.01084110645257,5.790879440664174,5.790879440664174,167.66773325350303,9.165050459021504,9.165050459021504
85,PGC046663,PGC46663,200.4461,-45.0624,3.872576449216176,0.1055384593770814,0.1084952563187977,CF4,489.7242678067538,15.0,LEDA,,,15.0,3.4984444177818057,-0.013726792017396575,0.999638188581925,0.026901049722914315,0.12685426094324606,3.2039148361842784,3.2039148361842784,324.95433907811787,387.5655067420612,387.5655067420612,116.6688941259201,180.87896572784098,180.87896572784098
86,NGC5102,PGC046674,200.4875,-36.6297,3.74,0.39,0.39,-3,227.00435746184783,18.0,-12,HI,Sa,18.0,3.4991669840921316,-0.0111580447015612,0.999657818804903,0.02616106693311953,0.11479303232920854,12.316535003788752,12.316535003788752,147.48224146132227,718.6163983491022,718.6163983491022,45.424534957775975,256.93321500056135,256.93321500056135
87,KK197,PGC046680,200.5086,-42.5359,3.84,0.04,0.04,-1,395.554618859966,3.0,-7,stars,dSph,3.0,3.4995352485643023,-0.012957176106305457,0.9996677260889343,0.025779538928705926,0.10674039433788293,1.3992684452874495,1.3992684452874495,244.0510280385781,425.65456496906233,425.65456496906233,43.64127690213981,68.20309456270267,68.20309456270267
88,PGC046885,PGC46885,201.1501,-30.9719,4.6558609352295885,0.126885136193378,0.1304399879967919,CF4,267.1640070408422,3.0,LEDA,,,3.0,3.510731535715846,-0.00943458026389196,0.9998898314294578,0.014843893926729518,0.8593570244404121,0.5805632243972917,0.5805632243972917,-37.06761318162075,6.127356255879197,6.127356255879197,-36.50897941014492,6.165636380898445,6.165636380898445
89,PGC4689210,PGC4689210,161.7216,12.7444,9.594006315159332,0.9642208374896306,1.0719548971432469,CF4,491.7149059126178,5.0,LEDA,,,5.0,2.8225743915932617,0.0038821662447297294,0.7629683340213471,0.7029037257137,7.131772041696926,0.6251518066227909,0.6251518066227909,143.9677510776066,18.78317808880871,18.78317808880871,311.51280527501194,274.7123581142247,274.7123581142247
90,NGC5128_CenA,PGC46957,201.3672,-43.0181,3.597493351557425,0.0656616536378527,0.0668823949209076,CF4,305.7401480132788,6.0,LEDA,,,6.0,3.5145206455219253,-0.013104062626126607,0.9999414703247285,0.010819449730393952,0.20521638275064666,1.1077596398388045,1.1077596398388045,-1.6704423908841428,8.166905195139266,8.166905195139266,-0.9829679936795128,7.894226511228584,7.894226511228584
91,IC4247,PGC47073,201.6852,-30.3625,5.05824662003114,0.0923234055277779,0.0940398257864219,CF4,200.07164065693897,8.0,LEDA,,,8.0,3.5200707925432675,-0.00924894640827394,0.9999817929334385,0.0060344215648792865,1.259750058499263,0.29221931678872326,0.29221931678872326,-104.04467864250542,9.610115105454987,9.610115105454987,-103.9543433163463,9.928838851524413,9.928838851524413
92,ESO324-024,PGC047171,201.9042,-41.4806,3.78,0.09,0.09,-1,271.4628537463437,18.0,-12,HI,Sdm,18.0,3.523893063605135,-0.012635713343204544,0.9999989255199366,0.001465933324394872,0.019578874067898166,17.286004375341893,17.286004375341893,34.01011265342669,25.6937676337209,25.6937676337209,31.398505935587682,188.03243821012043,188.03243821012043
93,NGC5206,PGC047762,203.4292,-48.1511,3.21,0.01,0.01,-1,334.06263174088883,6.0,-13,stars,S0−,6.0,3.5505093346980487,-0.014667663841891783,0.9996795727317567,0.02531578092724174,0.5953736698744838,0.08261894915852051,0.08261894915852051,-30.155618176307943,8.093452842910024,8.093452842910024,-28.439865473216816,8.080978068576508,8.080978068576508
94,ESO270-017,PGC47847,203.6951,-45.5473,6.792036326171846,0.1546056221527605,0.1582068497161248,CF4,584.1532218775575,4.0,LEDA,,,4.0,3.5551501651791013,-0.013874501004251152,0.9995534833612278,0.029884774459497408,2.9971084458160093,0.2124237943159032,0.2124237943159032,280.4539755221289,6.670419355393934,6.670419355393934,280.3499546286022,33.00706107376771,33.00706107376771
95,ESO444-078,PGC48029,204.1284,-29.2354,5.2966344389165805,0.0726725489253832,0.0736835247859524,CF4,361.5920088935722,2.0,LEDA,,,2.0,3.562712676827993,-0.008905612114432339,0.9992949849856806,0.03755257303902858,1.507300830144442,0.19808075189197275,0.19808075189197275,57.75981302826855,5.733443054238488,5.733443054238488,58.545494374052666,5.995702297862268,5.995702297862268
96,NGC5236_M83,PGC48082,204.2536,-29.8656,4.7863009232263805,0.087359837174227,0.0889839778074774,CF4,296.30810907553007,2.0,LEDA,,,2.0,3.56489782905149,-0.009097582012381924,0.9992115157952276,0.03971367130989203,1.0019388099002495,0.3432464545989199,0.3432464545989199,-8.155689320199604,5.788099936602526,5.788099936602526,-5.6310296098200086,5.590539389124657,5.590539389124657
97,NGC5237,PGC048139,204.4083,-42.8475,3.33,0.02,0.02,-1,122.00983783484256,4.0,-4,HI,BCD,4.0,3.567597853404325,-0.013052094894310995,0.9991056997777069,0.04229500087650567,0.4923159561117682,0.13369809985853248,0.13369809985853248,190.1226728596815,7.362441606452831,7.362441606452831,176.04725533801886,16.09532292862427,16.09532292862427
98,NGC5253,PGC048334,204.9792,-31.64,3.55,0.03,0.03,-3,192.8282666470973,3.0,-4,HI,Sdm,3.0,3.5775619381039605,-0.00963809516205146,0.9986317846260966,0.05231687089282121,0.3143106740473428,0.3140935288718997,0.3140935288718997,138.1973680053694,16.575825524877843,16.575825524877843,95.94428476643377,21.850772577249987,21.850772577249987
99,IC4316,PGC48368,205.0761,-28.8942,4.24619563946313,0.0775018047597724,0.0789426708869562,CF4,371.1400987060895,3.0,LEDA,,,3.0,3.579253162149143,-0.008801676650801116,0.9985394884025506,0.05405307117388945,0.49729562919362397,0.5985209952489973,0.5985209952489973,74.96961706279573,7.771687776959883,7.771687776959883,68.26544806715653,9.497063984453211,9.497063984453211
100,NGC5264,PGC48467,205.4031,-29.9127,4.677351412871984,0.1483756138357739,0.1532366075257467,CF4,269.38290371162884,2.0,LEDA,,,2.0,3.5849603888031645,-0.009111929492853877,0.9982165576006998,0.05973228210422629,0.9139337295022482,0.6348478421991498,0.6348478421991498,-36.94618399433804,5.9944824076431775,5.9944824076431775,-28.58447658311159,5.678934956405679,5.678934956405679
101,KK211,PGC048515,205.5208,-45.205,3.68,0.14,0.14,-1,359.7712151411396,31.0,-14,stars,Sph,31.0,3.5870146413327624,-0.013770230461458161,0.9980958592970136,0.0617210709885308,0.25950947138190067,1.8458681384417623,1.8458681384417623,-113.48299620007879,128.54793778800735,128.54793778800735,-7.24939710639089,36.00203371392655,36.00203371392655
102,ESO325-011,PGC48738,206.2542,-41.8597,3.3265955329400443,0.0607172112166862,0.0618460284519786,CF4,313.136387131782,3.0,LEDA,,,3.0,3.5998148860668886,-0.012751193807045683,0.9972258860052147,0.07450365846779028,0.5413554027576927,0.32450367692243104,0.32450367692243104,-9.20490752152432,6.875157204206662,6.875157204206662,3.3819824586124687,5.681500523172261,5.681500523172261
103,ESO215-009,PGC490287,164.375,-48.1839,5.345643593969718,0.073344979741492,0.0743653100465246,CF4,288.7753994138102,2.0,LEDA,,,2.0,2.868884957965679,-0.014677655293260788,0.7922158398270563,0.6563647498569329,3.291155759074342,0.06257820276184337,0.06257820276184337,-568.3084088827029,120.45595220261379,120.45595220261379,164.68876348318352,8.391886317002566,8.391886317002566
104,ESO383-087,PGC049050,207.325,-36.0614,3.19,0.03,0.03,-1,107.69664987897346,2.0,-4,HI,Sdm,2.0,3.6185038716972437,-0.010984930621896411,0.9956601118986725,0.09319904338659991,0.6897742140685146,0.12616883526981748,0.12616883526981748,218.08543177777167,8.1230776233074,8.1230776233074,182.001202577346,10.658361128197017,10.658361128197017
105,ESO384-016,PGC49615,209.2559,-35.3329,4.385306977749858,0.0601686673997718,0.0610056969412324,CF4,293.5820954417323,9.0,LEDA,,,9.0,3.6522044342240023,-0.010763016831581797,0.9919592967902405,0.12689761115946477,0.7822514749385037,0.28585131665459423,0.28585131665459423,-18.249178645904156,14.820053595915018,14.820053595915018,17.297535809345142,8.407407069099532,8.407407069099532
106,NGC5398,PGC49923,210.34,-33.0637,12.13388850464978,1.0676506648731046,1.1706556751311332,CF4,1016.1780893951212,3.0,LEDA,,,3.0,3.6711255486448726,-0.010071778982601795,0.989386279369894,0.14582557477718833,8.393603774627968,0.538529296918745,0.538529296918745,717.3150210213478,6.3951572189358945,6.3951572189358945,716.6807181407056,738.7158556793889,738.7158556793889
107,NGC5408,PGC50073,210.8383,-41.3766,5.199959965335156,0.1649538774561119,0.1703579983673684,CF4,286.4530212783943,3.0,LEDA,,,3.0,3.6798225243075606,-0.012604033131546729,0.9880880001009164,0.1545038808636591,1.5601051301816293,0.4040647471755826,0.4040647471755826,-24.511370364611725,7.127829995765243,7.127829995765243,4.5484510163276015,5.929157152729488,5.929157152729488
108,AGC205315,PGC5057800,162.4683,12.5392,10.0,0.4939520634371828,0.5196187382322233,CF4,630.5210466907047,8.0,LEDA,,,8.0,2.835606765117903,0.003819658750189496,0.7713264491254175,0.6898736282983986,7.471866185275998,0.2969530916286285,0.2969530916286285,347.8839170741602,20.605355747637592,20.605355747637592,437.29334037115547,188.194260341419,188.194260341419
109,AGC174585,PGC5060050,114.0429,9.9864,7.550922276654341,0.3729793639407202,0.3923600705884746,CF4,216.9121262104047,8.0,LEDA,,,8.0,1.9904240935226414,0.0030420314009579866,0.035865483466022495,1.5349231497160103,8.33003988636215,0.34289765391945587,0.34289765391945587,699.6149710592778,36.362854220996724,36.362854220996724,321.86185258136817,103.22215848143978,103.22215848143978
110,AGC174605,PGC5060076,117.5904,7.7944,9.3756200692588,0.1711243517270837,0.1743057909555556,CF4,195.56997073552807,8.0,LEDA,,,8.0,2.05233964873714,0.0023743100167855215,0.0976362236492423,1.4730043089383345,9.766173297117978,0.1517565917247749,0.1517565917247749,965.2706665435238,35.54530127127151,35.54530127127151,270.0992207433739,41.3003053041781,41.3003053041781
111,ALFAZOAJ1952+1428,PGC5060431,298.0491,14.4733,8.203515443298183,0.5122110404320894,0.5463223089761797,CF4,520.8113117871994,6.0,LEDA,,,6.0,5.201938127605832,0.00440881930179897,-0.10568228796886073,1.6766763332098666,9.39761514075526,0.5357900018073296,0.5357900018073296,723.3356635414914,32.52557552724281,32.52557552724281,627.8548808440294,282.6618697525043,282.6618697525043
112,AF7448_001,PGC5067080,344.8981,16.7654,7.798301105232589,0.6533378444774582,0.7130792767911824,CF4,619.7884329127609,6.0,LEDA,,,6.0,6.019607428872654,0.005107032889692085,-0.797711837908592,2.4942875788962526,11.06828779907236,1.0731476504030222,1.0731476504030222,882.0705785380765,9.707022389573238,9.707022389573238,881.638731468328,561.9043433738669,561.9043433738669
113,DDO187,PGC50961,213.9854,23.0556,2.249054606,0.041049873,0.041813047,CF4,171.6896690498379,2.0,LEDA,,,2.0,3.734749781197074,0.007023137383634438,0.9779634230395622,0.21032351787365136,1.6667863662420852,0.06953476365279719,0.06953476365279719,141.92386075715342,5.949151447712018,5.949151447712018,140.75855756592512,6.888543107755117,6.888543107755117
114,ANTLIAB,PGC5098252,147.2337,-25.99,1.3931568029453023,0.0627023849672128,0.0656574573300463,CF4,82.16399874981988,6.0,LEDA,,,6.0,2.569712834893575,-0.007917006740256556,0.577159142589649,0.9555506800803324,3.2035272738190925,0.0666923961956143,0.0666923961956143,274.5578430613185,7.145820508695242,7.145820508695242,263.75866739032335,13.077388512596826,13.077388512596826
115,PGC051659,PGC51659,217.0149,-46.3052,3.5318316979195674,0.3549576272697998,0.3946176560764289,CF4,177.05685608498544,2.0,LEDA,,,2.0,3.7876245308862426,-0.014105370546707498,0.9657958619926337,0.2623010616668304,0.9945184704699612,1.0206565408576846,1.0206565408576846,341.3366162832535,321.53112792774414,321.53112792774414,94.16440582226592,41.77665387452568,41.77665387452568
116,NGC5643,PGC51969,218.1696,-44.1745,12.13388850464978,0.5993559264388448,0.6304995834636671,CF4,981.322461657002,14.0,LEDA,,,14.0,3.807777847759021,-0.013456322210367959,0.9603755312170379,0.28244982801404983,8.551433891460972,0.2963091400066506,0.2963091400066506,695.0139491045542,16.008005303232785,16.008005303232785,694.4789505926889,386.01645979262526,386.01645979262526
117,ESO222-010,PGC52125,218.7626,-49.4217,3.07609681474071,0.1248875880743223,0.130172509764757,CF4,404.30037235400897,4.0,LEDA,,,4.0,3.818127650223347,-0.015054710735472777,0.9574376012360536,0.29280641905704907,1.2316573622186406,0.20636838011166625,0.20636838011166625,-119.77478623998952,15.918557704829844,15.918557704829844,26.595133390603024,15.392021789245051,15.392021789245051
118,ESO272-025,PGC52591,220.8561,-44.7051,3.8194427084004654,0.1550669619221332,0.1616289971345059,CF4,427.0300864543019,3.0,LEDA,,,3.0,3.8546661181138484,-0.013617952213306786,0.9462579323016911,0.3293340434623388,1.2489740145722097,0.3414887639380484,0.3414887639380484,-676.5870489153762,630.8397460141318,630.8397460141318,121.81068008254856,16.081432637865856,16.081432637865856
119,ESO223-009,PGC53639,225.2858,-48.2918,6.165950018614819,0.0565297695590993,0.0570528330767734,CF4,389.13703775550346,2.0,LEDA,,,2.0,3.931978967989441,-0.014710523512855775,0.9184542761819705,0.40664175588253587,3.069791587623541,0.0755564962687964,0.0755564962687964,87.79850313078852,9.559292528148019,9.559292528148019,154.661623091203,8.642146494192927,8.642146494192927
120,ESO274-001,PGC54392,228.5559,-46.8091,2.7289777828080406,0.098709790912657,0.1024142129913361,CF4,336.7381227481352,3.0,LEDA,,,3.0,3.989052979858908,-0.01425886726453802,0.8943998758303847,0.4637086838465959,1.82590502119862,0.08086043055360612,0.08086043055360612,3.9041089838298775,8.014072548590196,8.014072548590196,102.84110438090688,10.047295155237489,10.047295155237489
121,ESO137-018,PGC57888,245.2464,-60.4876,5.72796030985829,0.2071859170507135,0.21496127629743,CF4,421.1910299748804,5.0,LEDA,,,5.0,4.280357158663021,-0.018425576641090517,0.7282846726978347,0.7549808407034655,3.942891121688664,0.15587108450589068,0.15587108450589068,28.18362444484368,69.21709912146412,69.21709912146412,287.5904180983978,35.79276030723063,35.79276030723063
122,AGC229385,PGC5809449,188.0429,20.4233,10.616955571987242,0.9341770093747516,1.0243047221176609,CF4,1282.311904148924,4.0,LEDA,,,4.0,3.281967739998445,0.006221292949529886,0.9703710009384433,0.24403474813025153,6.991248447681772,0.5653919448450169,0.5653919448450169,1010.7345067622451,10.540690822813234,10.540690822813234,988.3402357469831,860.7672061222497,860.7672061222497
123,PGC592761,PGC592761,204.3561,-39.8887,4.965923214503362,0.2452928018674551,0.2580386754878354,CF4,257.1678840073249,3.0,LEDA,,,3.0,3.566686791534784,-0.012150792872646083,0.999144105238606,0.04137672973806363,1.1809015587342486,0.8302049979281946,0.8302049979281946,-47.864047513143966,6.206335172221906,6.206335172221906,-44.56537960842399,6.149191017941987,6.149191017941987
124,IC4662,PGC60849,266.7892,-64.6391,2.4888573182823914,0.0228179810480511,0.0230291132271887,CF4,143.0251565214582,3.0,LEDA,,,3.0,4.6563499487616555,-0.019690195859335034,0.4258431148321359,1.1309028176949076,3.545805719118928,0.05493383243232057,0.05493383243232057,314.8164196242271,7.9718726112734855,7.9718726112734855,270.02440074705856,10.830539675320539,10.830539675320539
125,IC4710,PGC61922,277.1581,-66.9822,7.211074791828994,0.1965218076292805,0.2020276211801732,CF4,580.0755373737172,4.0,LEDA,,,4.0,4.837321393571695,-0.020403944935637273,0.2560807672676093,1.3118307407331469,7.238820288096514,0.1507265792717229,0.1507265792717229,576.7450479692332,40.350623122273454,40.350623122273454,581.9029142798792,87.89747865244286,87.89747865244286
126,ESO104-022,PGC62572,283.9215,-64.8114,8.749837752274363,0.2384573702505914,0.2451380630259887,CF4,653.1521628997509,4.0,LEDA,,,4.0,4.95536499220108,-0.019742681440764284,0.14047822740155103,1.4298519115051338,9.03613474752546,0.20392644671938429,0.20392644671938429,746.6606769774243,38.95842553031159,38.95842553031159,680.3569738107672,135.67706841564936,135.67706841564936
127,NGC6744,PGC62836,287.4413,-63.8577,9.162204901219992,0.4123671489456413,0.4318014139393398,CF4,716.9197499807566,16.0,LEDA,,,16.0,5.016797091212777,-0.0194521678075137,0.07944053984050131,1.4912719932216916,9.635704712342582,0.3769529797130196,0.3769529797130196,775.4240671978056,46.913717594588775,46.913717594588775,756.149057610276,270.0272907304034,270.0272907304034
128,ESO104-044,PGC62869,287.8461,-64.219,9.506047936562815,0.7562101842884541,0.8215661210511573,CF4,639.7233196767561,8.0,LEDA,,,8.0,5.02386218402485,-0.019562226081282635,0.07239878867310028,1.4983341410762447,9.97831651196733,0.7235365993154355,0.7235365993154355,826.889708150311,82.40636951299267,82.40636951299267,686.604961569504,471.2350386546748,471.2350386546748
129,ESO594-004,PGC63287,292.4959,-17.679,1.056817509213659,0.0382261211595407,0.0396606869295257,CF4,20.961319136108045,3.0,LEDA,,,3.0,5.105016503584082,-0.005385331364409221,-0.008846201712369077,1.5796426438883344,3.9520346157618773,0.06894353225763632,0.06894353225763632,315.7660308735599,5.601121370760484,5.601121370760484,298.7926469246153,16.06714043522902,16.06714043522902
130,IC4870,PGC63432,294.4065,-65.8119,8.317637711026714,0.1893325493857194,0.1937426709970573,CF4,739.3521393973028,3.0,LEDA,,,3.0,5.138362764272686,-0.020047451169260884,-0.041989572203425536,1.6127982476032556,9.288016900553899,0.1843556310998904,0.1843556310998904,750.3967984449387,20.269503024416988,20.269503024416988,810.607675534271,129.76008213943413,129.76008213943413
131,ESO461-036,PGC64054,300.9889,-31.6816,6.886522963442766,0.2795884833668012,0.2914199492708551,CF4,474.9728374464815,6.0,LEDA,,,6.0,5.25324731695596,-0.009650767246714586,-0.15636070169822672,1.7278012771046671,8.368738556775156,0.288324386934562,0.288324386934562,649.4245506732132,18.01913454896115,18.01913454896115,601.7160931125572,140.35098005031935,140.35098005031935
132,IC4951,PGC64181,302.3822,-61.8506,8.994975815300352,0.561628237657601,0.5990304998589799,CF4,701.1600588517907,3.0,LEDA,,,3.0,5.277564989423998,-0.018840770184259798,-0.18019101242713328,1.7519769656047388,10.375668064502927,0.6283415954856759,0.6283415954856759,824.037825058473,30.79244821729866,30.79244821729866,812.9467111853832,411.569990194537,411.569990194537
133,IC5052,PGC65603,313.0212,-69.2014,5.370317963702524,0.1463560737113267,0.1504564291050423,CF4,445.1229485379823,3.0,LEDA,,,3.0,5.463250568543675,-0.021079951913627937,-0.358589320727402,1.9375526011419615,7.6093294339984645,0.16872487620103746,0.16872487620103746,616.372851982062,9.364310438034217,9.364310438034217,622.5936657259468,77.61589447206838,77.61589447206838
134,NGC7090,PGC67045,324.1205,-54.5576,9.289663867799362,0.2531691305763441,0.2602619924149927,CF4,784.8149652267527,4.0,LEDA,,,4.0,5.6569698982102805,-0.016619195341755332,-0.5316032214171288,2.131288608129931,11.757907588464628,0.3479654326313227,0.3479654326313227,970.6654639909405,9.991498771023469,9.991498771023469,980.8188747420809,229.53886771123626,229.53886771123626
135,PGC677373,PGC677373,204.2511,-33.3625,4.446312674691084,0.2967722483474544,0.3179971933630661,CF4,370.71630514606767,4.0,LEDA,,,4.0,3.5648541958201903,-0.010162798667634065,0.9992160389632356,0.03959958309549352,0.6676743109922721,1.8012130919353635,1.8012130919353635,68.77680482234425,7.205984584468878,7.205984584468878,67.8656653898075,12.821922983736753,12.821922983736753
136,IC5152,PGC67908,330.6723,-51.2966,1.914255925021086,0.0349391082178167,0.0355886747369587,CF4,74.95786533311275,2.0,LEDA,,,2.0,5.771320380142446,-0.015625837935830875,-0.6247521049884673,2.2456103403220498,5.21356302965969,0.07632818180949816,0.07632818180949816,366.28814308791266,5.735903573114172,5.735903573114172,352.9615781126174,21.617851362863583,21.617851362863583
137,PGC683190,PGC683190,173.2957,-32.9624,5.470159628939719,0.1490770362717697,0.1532536229637724,CF4,419.00085156396,9.0,LEDA,,,9.0,3.0245805445483374,-0.010040921237977405,0.8772469622689918,0.5006995557950156,2.809825803672396,0.16582876506087363,0.16582876506087363,178.3987141197485,33.3451674029961,33.3451674029961,210.56212156988457,18.113149851719534,18.113149851719534
138,ESO238-005,PGC68672,335.627,-48.404,7.834296427662114,0.1783303585495561,0.1824842062146761,CF4,671.0847259727723,3.0,LEDA,,,3.0,5.857796208591009,-0.014744701587355845,-0.6898400706040667,2.332064447671888,10.810511857394557,0.2650423668150445,0.2650423668150445,900.9830063688872,7.366836839852811,7.366836839852811,907.8765252154336,153.67237882531685,153.67237882531685
139,Tucana,PGC69519,340.458,-64.4206,0.899497,0.0164176811,0.0167229086,CF4,72.71737359679341,4.0,LEDA,,,4.0,5.942113064754855,-0.019623636953111638,-0.7482002284775726,2.4161415883402237,4.511425566175152,0.07178960896303137,0.07178960896303137,361.6677015231662,6.159777897799224,6.159777897799224,361.72100678957287,21.040457130187953,21.040457130187953
140,PGC704814,PGC704814,359.6696,-31.4676,3.58096437102636,0.1295269776677949,0.1343879199453623,CF4,298.6776201374474,89.0,LEDA,,,89.0,6.277418739330997,-0.009585579118880232,-0.924876948569144,2.7515082007538463,7.239938109800107,0.20298687549976632,0.20298687549976632,590.8674889542466,83.985977428633,83.985977428633,591.327172280527,115.70054032586793,115.70054032586793
141,ESO407-018,PGC71431,351.616,-32.3886,2.1677041048196948,0.0784079739656538,0.0813505010160842,CF4,98.75639937518632,3.0,LEDA,,,3.0,6.136856902692381,-0.00986613176250379,-0.8625578560434528,2.6110998874192393,5.773672778429886,0.122281883184758,0.122281883184758,396.4845135882032,6.039031798443012,6.039031798443012,391.66908751621804,34.05870858432198,34.05870858432198
142,ESO347-017,PGC71464,351.7344,-37.3469,8.241381150130017,0.2980988028872016,0.3092859787168009,CF4,701.5918119974459,3.0,LEDA,,,3.0,6.138923372526743,-0.011376516315032226,-0.863568274714004,2.6131003387518605,11.680015722700865,0.4897903036390006,0.4897903036390006,973.6632382758202,6.581473931966903,6.581473931966903,976.2785350681958,278.69658600118186,278.69658600118186
143,IC5332,PGC71775,353.6145,-36.1016,8.790225168308838,0.3956253031148744,0.4142705492228771,CF4,719.5419162012231,3.0,LEDA,,,3.0,6.171737307793489,-0.010997176242171837,-0.8796376311436177,2.6458961415378597,12.26558631794514,0.6646241875242678,0.6646241875242678,996.7124595166352,6.606010715851698,6.606010715851698,997.5621107469931,380.35929657300034,380.35929657300034
144,ESO471-006,PGC72228,355.9379,-31.9593,4.265795188015924,0.1542979769707004,0.1600885356103356,CF4,301.5033746976255,9.0,LEDA,,,9.0,6.212288287634325,-0.009735359504189356,-0.8982024994812282,2.6864594891947005,7.857357460349603,0.24068741029425195,0.24068741029425195,591.9987876951852,9.990034791938948,9.990034791938948,589.9116203883299,88.55527872877526,88.55527872877526
145,ESO149-003,PGC72675,358.0122,-52.5774,6.854882264526615,0.1560361703613528,0.1596707196730991,CF4,513.0813795328969,5.0,LEDA,,,5.0,6.248491652308443,-0.01601599192709369,-0.9133550110761177,2.7222456483868513,10.439727066308471,0.2597554363383002,0.2597554363383002,801.8970653476778,7.304661104680148,7.304661104680148,800.4322716145562,124.66484647876874,124.66484647876874
146,NGC7793,PGC73049,359.4573,-32.591,3.7670379898390873,0.1026622433607542,0.1055384593770805,CF4,251.3447350500452,3.0,LEDA,,,3.0,6.273713405329013,-0.00992778632826862,-0.9234565508210398,2.747789738042414,7.419624163898129,0.16617670444509755,0.16617670444509755,546.661664592654,6.126108362364049,6.126108362364049,544.703049077493,59.00976990317905,59.00976990317905
147,PGC083339,PGC83339,161.7369,12.9992,9.418895965228415,0.5473358448487993,0.5811040347715828,CF4,684.943862469527,4.0,LEDA,,,4.0,2.8228414269688167,0.003959782763291383,0.763139696029895,0.7026385968170598,6.9667506033671955,0.34389778786107034,0.34389778786107034,449.40671843005174,27.8002569688629,27.8002569688629,493.08254362287727,230.89334350532883,230.89334350532883
148,PGC086635,PGC86635,187.0206,22.2908,6.165950018614819,0.2503336768600803,0.2609271545553753,CF4,543.8845760031791,1.0,LEDA,,,1.0,3.264125239055307,0.006790165980981564,0.9659075624333624,0.26186994462929236,2.683396869692021,0.35213893919903577,0.35213893919903577,275.2613380875788,10.398399009080297,10.398399009080297,261.61412495890943,40.451088713140365,40.451088713140365
149,PGC086644,PGC86644,192.9423,21.7357,5.834451042737443,0.2110377908339522,0.2189577048016833,CF4,534.5922765158924,4.0,LEDA,,,4.0,3.367478401370655,0.006621072851257962,0.9873940599584877,0.15894976809883815,2.1685870746335905,0.3783326353907552,0.3783326353907552,247.3167563328718,8.176322044544822,8.176322044544822,238.5004917161467,28.357521074930165,28.357521074930165
150,PGC086668,PGC86668,135.725,20.0747,8.629785477669701,0.2737552953572226,0.2827239036677529,CF4,366.4228116062054,3.0,LEDA,,,3.0,2.368848127269304,0.006115103316992239,0.40247081982607874,1.1565820041728208,7.906693235212204,0.19481349376634643,0.19481349376634643,3803.7052257639775,1674.4901886057148,1674.4901886057148,341.59894718454416,78.05716131606279,78.05716131606279
151,PGC086669,PGC86669,139.8764,21.6036,9.078205301781855,0.4880700867279053,0.5158010133774766,CF4,385.3390495026796,6.0,LEDA,,,6.0,2.441303725836596,0.006580832890104138,0.4676679673916812,1.0841457276742985,8.036694162807695,0.3414449488098208,0.3414449488098208,-2228.0459037537057,1134.1279676041945,1134.1279676041945,333.189201872045,140.66287901492709,140.66287901492709
152,dw1322-39,,200.6336,-39.906,2.95,0.05,0.05,-10,413.2054799786679,10.0,-7,stars,dIrr,10.0,3.501716910129295,-0.012156062754008393,0.9997218015608075,0.023588613321323903,0.8524394532126935,0.14176464028388552,0.14176464028388552,-109.37335829818404,11.362819708820162,11.362819708820162,-107.84913577859578,11.4092638902126,11.4092638902126
153,dw1323-40a,,201.2233,-40.7612,3.73,0.15,0.15,-10,207.09992829132892,14.0,-7,stars,dSph,14.0,3.5120091167283056,-0.012416571571409987,0.9999115825093529,0.013298029449506546,0.08506207066753482,6.427819174845008,6.427819174845008,119.40049944840025,100.5816728796743,100.5816728796743,80.40868852658149,178.6614723722732,178.6614723722732
154,dw1323-40b,,200.9809,-40.8361,3.91,0.61,0.61,-10,253.4071477365777,12.0,-7,stars,dSph,12.0,3.507778438621471,-0.012439387416152012,0.9998463822142136,0.017528360962633407,0.13013296467174895,17.7183723896781,17.7183723896781,-59.65693783564895,90.5909718021903,90.5909718021903,-40.77242420648386,217.69442707525593,217.69442707525593
155,dw1341-43,,205.4032,-43.8553,3.53,0.04,0.04,-10,397.6570800215953,14.0,-7,stars,dSph,14.0,3.5849621341324167,-0.013359088329972041,0.9982208416258153,0.05966047589565992,0.34634591552908445,0.3720102947384708,0.3720102947384708,-116.9376827852093,22.874169813178973,22.874169813178973,-59.34287488096082,21.356234306135175,21.356234306135175
156,dw1342-43,,205.6837,-43.2548,2.9,0.14,0.14,-10,273.317743244596,8.0,-7,stars,Tr,8.0,3.5898577826842604,-0.013176165569390124,0.9979172347758988,0.06455212794451101,0.923950536567338,0.30758888104617016,0.30758888104617016,31.99632963491947,9.800582271198287,9.800582271198287,34.25441023055061,9.308299872789835,9.308299872789835
157,CoM_NGC5128_CenA_NGC5236_M83_0.83,,201.9852181955772,-0.7017989756308393,3.7987743069883586,0.06935034483903633,0.07063966401162446,,304.0821308256118,5.319999999999999,,,,,3.525307097871982,-0.012248702811881593,1.0,0.0,0.0,inf,inf,,,,,,
