Unnamed: 0,Name,PGC,dis_center_CoM_CenA_M83_0.76,e_dis_center_min_CoM_CenA_M83_0.76,e_dis_center_max_CoM_CenA_M83_0.76,major_infall_velocity_CoM_CenA_M83_0.76,e_major_infall_velocity_min_CoM_CenA_M83_0.76,e_major_infall_velocity_max_CoM_CenA_M83_0.76,minor_infall_velocity_CoM_CenA_M83_0.76,e_minor_infall_velocity_min_CoM_CenA_M83_0.76,e_minor_infall_velocity_max_CoM_CenA_M83_0.76
0,PGC7668756,PGC7668756,12.756936028285708,0.5,0.5,1086.0508200382528,130,130,948.7061656158636,80,80
1,PGC4179476,PGC4179476,12.165276475193371,0.5,0.5,929.0636281796457,130,130,1045.358350761671,80,80
2,PGC6583592,PGC6583592,6.310402853920353,0.5,0.5,454.2766645518788,130,130,470.2277516195569,80,80
3,PGC4103463,PGC4103463,14.240727223024672,0.5,0.5,1105.51455501607,130,130,1015.9883447265499,80,80
4,PGC1241791,PGC1241791,10.537394960043816,0.5,0.5,855.0154494541522,130,130,946.0976406696101,80,80
5,PGC9836087,PGC9836087,3.6792091415651154,0.5,0.5,268.30927361393384,130,130,239.06265759831393,80,80
6,PGC1131099,PGC1131099,6.007470369277679,0.5,0.5,620.8908440045386,130,130,550.4848411357266,80,80
7,PGC6727397,PGC6727397,7.589709460089508,0.5,0.5,749.9210109457347,130,130,810.3782978181827,80,80
8,PGC8784284,PGC8784284,8.409797920947971,0.5,0.5,846.6082262018124,130,130,751.7524731104156,80,80
9,PGC3273425,PGC3273425,4.717032185521102,0.5,0.5,440.1187994556999,130,130,469.0206121602365,80,80
10,PGC4759798,PGC4759798,14.029174227591268,0.5,0.5,1117.3616696866748,130,130,1124.9224549201012,80,80
11,PGC3053010,PGC3053010,7.239725039180788,0.5,0.5,501.9047130341013,130,130,530.0029116530923,80,80
12,PGC3359127,PGC3359127,6.168787554612438,0.5,0.5,398.55745134675135,130,130,399.6835188834685,80,80
13,PGC3907822,PGC3907822,14.104883720852785,0.5,0.5,1096.1659315818397,130,130,1058.4353751672506,80,80
14,PGC8411842,PGC8411842,11.400740022828673,0.5,0.5,1001.0354354043384,130,130,928.2556707776108,80,80
15,PGC7882018,PGC7882018,6.636966687298911,0.5,0.5,338.7928351284909,130,130,522.4411008049934,80,80
16,PGC6430454,PGC6430454,5.1863115609246275,0.5,0.5,521.6765076761193,130,130,451.8835263459854,80,80
17,PGC8313027,PGC8313027,14.35610393115892,0.5,0.5,1266.0698432484055,130,130,1275.8111781771006,80,80
18,PGC3340249,PGC3340249,14.560139125628378,0.5,0.5,1280.9564764535016,130,130,1168.620668809434,80,80
19,PGC6125482,PGC6125482,7.739400541389057,0.5,0.5,601.1271928973844,130,130,565.9149182183678,80,80
20,PGC3748714,PGC3748714,8.266812364392568,0.5,0.5,697.2296394821274,130,130,694.8591501812163,80,80
21,PGC3011062,PGC3011062,5.122085621498648,0.5,0.5,475.6368840769651,130,130,414.852092648648,80,80
22,PGC8791939,PGC8791939,7.374509013413821,0.5,0.5,574.8308527739777,130,130,459.2520632887482,80,80
23,PGC6657997,PGC6657997,4.7862013610555865,0.5,0.5,448.7428994519387,130,130,413.4133143342096,80,80
24,PGC2012070,PGC2012070,9.175063457902338,0.5,0.5,755.1931112072184,130,130,778.0778087135994,80,80
25,PGC3562838,PGC3562838,15.167977749653435,0.5,0.5,1228.740902040989,130,130,1231.429509882861,80,80
26,PGC5151642,PGC5151642,13.551841899753503,0.5,0.5,1268.3304531843903,130,130,1074.5179776655375,80,80
27,PGC8435626,PGC8435626,11.520966260809471,0.5,0.5,1154.946613313856,130,130,905.9022797352291,80,80
28,PGC4337508,PGC4337508,7.713760725646675,0.5,0.5,560.3401541780016,130,130,669.1823687728536,80,80
29,PGC4680402,PGC4680402,10.665079148343368,0.5,0.5,915.250353547808,130,130,935.9341954538825,80,80
30,PGC3965093,PGC3965093,14.831853566388336,0.5,0.5,1376.0716683444377,130,130,1121.176598232134,80,80
31,PGC1250951,PGC1250951,5.274968560668641,0.5,0.5,458.255753223094,130,130,389.3351859409628,80,80
32,PGC4947471,PGC4947471,13.641563482366772,0.5,0.5,1150.6036885659582,130,130,1078.2565922937442,80,80
33,PGC9790525,PGC9790525,11.66553929431977,0.5,0.5,766.160724785295,130,130,877.164059432112,80,80
34,PGC8610895,PGC8610895,5.675903520959966,0.5,0.5,693.8946567554931,130,130,399.6940685431115,80,80
35,PGC9849732,PGC9849732,10.238038066361009,0.5,0.5,969.6627620274087,130,130,841.220699247409,80,80
36,PGC1420026,PGC1420026,6.676494997275074,0.5,0.5,750.0692445116415,130,130,693.6261341786898,80,80
37,PGC9349359,PGC9349359,9.712824938936963,0.5,0.5,770.3399425140185,130,130,722.4671904743319,80,80
38,PGC7342050,PGC7342050,8.781104889929935,0.5,0.5,911.4905212926318,130,130,858.7861973913936,80,80
39,PGC9586405,PGC9586405,11.684646137013921,0.5,0.5,1085.1469051283948,130,130,969.3652519699576,80,80
40,PGC7460287,PGC7460287,5.8870259277670876,0.5,0.5,486.82061795262643,130,130,659.8608221975967,80,80
41,PGC8918012,PGC8918012,6.252727336018374,0.5,0.5,425.88297215383875,130,130,645.5336086187397,80,80
42,PGC9409399,PGC9409399,8.9441236849374,0.5,0.5,488.75060433524914,130,130,776.9889582375197,80,80
43,PGC2134672,PGC2134672,5.240776270519484,0.5,0.5,421.11181947107855,130,130,345.4484207372597,80,80
44,PGC9235864,PGC9235864,10.41001467182566,0.5,0.5,1007.0659352757674,130,130,687.446312901769,80,80
45,PGC3464679,PGC3464679,5.851868353561638,0.5,0.5,585.8849099129895,130,130,565.4561993302285,80,80
46,PGC7415707,PGC7415707,12.16589902691666,0.5,0.5,1128.2457314518826,130,130,1000.886732224048,80,80
47,PGC1229260,PGC1229260,14.030795009673433,0.5,0.5,1024.9025734709064,130,130,1251.0669090803901,80,80
48,PGC3326476,PGC3326476,6.878040934176422,0.5,0.5,643.2046301517421,130,130,552.6283705203953,80,80
49,PGC3118207,PGC3118207,5.465302179628408,0.5,0.5,483.2734151973045,130,130,345.1659639240864,80,80
50,PGC8187942,PGC8187942,14.066484436128151,0.5,0.5,1387.2737714804625,130,130,1142.1318237744142,80,80
51,PGC6219714,PGC6219714,11.508994506335382,0.5,0.5,1003.1493018506833,130,130,917.8491812935666,80,80
52,PGC1347238,PGC1347238,4.957545842101094,0.5,0.5,532.6113786517185,130,130,415.62311725565957,80,80
53,PGC3229140,PGC3229140,4.8405492099011305,0.5,0.5,287.7894307081962,130,130,264.5557865663656,80,80
54,PGC2744075,PGC2744075,9.121219623917725,0.5,0.5,770.4008013086562,130,130,761.3414291504193,80,80
55,PGC9664411,PGC9664411,12.575223864493001,0.5,0.5,1050.2606622627516,130,130,1036.9225321521785,80,80
56,PGC2430777,PGC2430777,13.628210474732757,0.5,0.5,1153.7526182202532,130,130,1179.8605746605976,80,80
57,PGC7460915,PGC7460915,10.150524184857636,0.5,0.5,1072.7185713901706,130,130,853.977756788233,80,80
58,PGC5795088,PGC5795088,9.502360578031315,0.5,0.5,804.367531546501,130,130,809.4669546296718,80,80
59,PGC6662319,PGC6662319,5.174096558035398,0.5,0.5,659.5640007952879,130,130,334.4788218943994,80,80
60,PGC4632016,PGC4632016,7.715066137893027,0.5,0.5,781.0048984890723,130,130,653.0106509921143,80,80
61,PGC8291486,PGC8291486,9.125404208357523,0.5,0.5,985.5083696131559,130,130,826.1572398994924,80,80
62,PGC7130805,PGC7130805,12.826392822500708,0.5,0.5,1128.3968842916424,130,130,1060.4621030780718,80,80
63,PGC9591366,PGC9591366,6.496354881683489,0.5,0.5,457.7060062678161,130,130,460.45218555134244,80,80
64,PGC1413558,PGC1413558,12.151909930312929,0.5,0.5,1113.6762414558607,130,130,1069.9823190007855,80,80
65,PGC8794902,PGC8794902,9.339056481697993,0.5,0.5,732.3714687104646,130,130,666.1538058859694,80,80
66,PGC7017882,PGC7017882,14.995709012851462,0.5,0.5,1351.349671366013,130,130,1204.109017407763,80,80
67,PGC6492809,PGC6492809,8.41161345903244,0.5,0.5,786.201867101526,130,130,678.9860817583553,80,80
68,PGC7521116,PGC7521116,11.681183332865766,0.5,0.5,1129.4556726730486,130,130,1069.12135714381,80,80
69,PGC3654240,PGC3654240,14.94232709740769,0.5,0.5,1322.3663703098873,130,130,1252.7395062338474,80,80
70,PGC6818787,PGC6818787,5.1238051688581026,0.5,0.5,517.5386054266587,130,130,390.85888349050816,80,80
71,PGC6230198,PGC6230198,8.795438733025495,0.5,0.5,798.5891637509458,130,130,744.6946936079484,80,80
72,PGC8205747,PGC8205747,4.376273329699061,0.5,0.5,181.87162588422547,130,130,486.19530320151614,80,80
73,PGC9713910,PGC9713910,13.355141643551235,0.5,0.5,1123.2259194362891,130,130,1187.3467578842724,80,80
74,PGC6631430,PGC6631430,8.146644360276238,0.5,0.5,747.7575573982651,130,130,762.4605749178975,80,80
75,PGC7919147,PGC7919147,12.850686551194581,0.5,0.5,1353.4242321459224,130,130,1233.8330985013483,80,80
76,PGC8980496,PGC8980496,7.241220745213509,0.5,0.5,668.5987848283708,130,130,751.2246356446295,80,80
77,PGC1745616,PGC1745616,3.742511586344558,0.5,0.5,401.13893864613334,130,130,377.8223809548865,80,80
78,PGC6020396,PGC6020396,9.095082230130838,0.5,0.5,369.94208318153665,130,130,582.9460590280733,80,80
79,PGC8278470,PGC8278470,13.089274119691693,0.5,0.5,1415.7678465507709,130,130,1136.0455777063737,80,80
80,PGC4747073,PGC4747073,9.744705205896489,0.5,0.5,810.9875052088322,130,130,913.4693563887558,80,80
81,PGC7913275,PGC7913275,12.132504356465823,0.5,0.5,1164.9201980081573,130,130,1125.8558325495726,80,80
82,PGC6890039,PGC6890039,9.470597008680736,0.5,0.5,954.2144436952767,130,130,684.590007991083,80,80
83,PGC1578127,PGC1578127,8.320433719921137,0.5,0.5,828.0611102122471,130,130,737.0536030853626,80,80
84,PGC1854801,PGC1854801,6.962769308959638,0.5,0.5,562.5333551741231,130,130,554.3404469902739,80,80
85,PGC6406072,PGC6406072,7.673614060204416,0.5,0.5,616.6191355052449,130,130,764.9571680995709,80,80
86,PGC5041649,PGC5041649,7.317775809417701,0.5,0.5,474.94116105298383,130,130,554.8346195939739,80,80
87,PGC9628305,PGC9628305,8.56674168807146,0.5,0.5,383.66251793977654,130,130,593.3546468575942,80,80
88,PGC8546596,PGC8546596,4.310753509765187,0.5,0.5,431.27194540661094,130,130,225.35233755137608,80,80
89,PGC5740027,PGC5740027,11.350035861270934,0.5,0.5,652.3744112539588,130,130,770.7087194642426,80,80
90,PGC2357534,PGC2357534,7.844120108674597,0.5,0.5,482.5375964724783,130,130,621.0903247034364,80,80
91,PGC1885644,PGC1885644,14.485043447099192,0.5,0.5,1255.4227065167984,130,130,1227.0748251236266,80,80
92,PGC6206249,PGC6206249,13.588451253866854,0.5,0.5,1389.211123325615,130,130,1186.7184399426353,80,80
93,PGC3368197,PGC3368197,6.936272874391317,0.5,0.5,470.8070219380394,130,130,371.64960670133274,80,80
94,PGC1531211,PGC1531211,7.351460357089386,0.5,0.5,516.0991652427466,130,130,592.0631670564969,80,80
95,PGC6925738,PGC6925738,10.798543272153452,0.5,0.5,1138.9786104938712,130,130,938.698543367525,80,80
96,PGC4358027,PGC4358027,8.977775511441811,0.5,0.5,787.3947509222,130,130,625.465431920307,80,80
97,PGC4705737,PGC4705737,4.641366920270377,0.5,0.5,446.1136582529074,130,130,474.29943591293437,80,80
98,PGC1286925,PGC1286925,9.966297496937427,0.5,0.5,677.4320212971443,130,130,815.3847232418462,80,80
99,PGC8319558,PGC8319558,10.72712704607587,0.5,0.5,1010.2721922262895,130,130,1006.5913555668335,80,80
100,PGC8924692,PGC8924692,11.967139545180181,0.5,0.5,1033.166639867829,130,130,1119.3673715291104,80,80
101,PGC3285688,PGC3285688,9.325499925582978,0.5,0.5,868.4840254085431,130,130,757.3398550561363,80,80
102,PGC7453530,PGC7453530,13.642052826677814,0.5,0.5,1392.3228587668298,130,130,1152.1942550197352,80,80
103,PGC1768432,PGC1768432,11.341829960808422,0.5,0.5,986.7897012935725,130,130,1111.694900367577,80,80
104,PGC9642194,PGC9642194,13.698305193281067,0.5,0.5,1359.982272124273,130,130,1253.3737808181843,80,80
105,PGC3272674,PGC3272674,14.2035587557483,0.5,0.5,1050.5840582766548,130,130,1068.1666781839654,80,80
106,PGC9101565,PGC9101565,5.303090153726732,0.5,0.5,606.746809693426,130,130,365.54198014955205,80,80
107,PGC6038929,PGC6038929,8.764888024929482,0.5,0.5,561.4921032161611,130,130,712.9473864584786,80,80
108,PGC5734364,PGC5734364,11.983638875383207,0.5,0.5,1172.974178452232,130,130,1164.6372350375143,80,80
109,PGC2509024,PGC2509024,6.563159987062649,0.5,0.5,549.0632654236396,130,130,534.272376724507,80,80
110,PGC5719766,PGC5719766,7.6855116063071485,0.5,0.5,730.1913107956551,130,130,486.1737975926094,80,80
111,PGC9870604,PGC9870604,11.239755389549744,0.5,0.5,1190.5686242466895,130,130,904.2837864202821,80,80
112,PGC8375518,PGC8375518,4.745837463504108,0.5,0.5,310.72809442001164,130,130,217.19539978320807,80,80
113,PGC4184851,PGC4184851,10.223707942772785,0.5,0.5,1002.8436497583531,130,130,852.8045814836184,80,80
114,PGC5500716,PGC5500716,9.283829011419707,0.5,0.5,886.752361931791,130,130,742.8440675515118,80,80
115,PGC1034596,PGC1034596,12.317842954859728,0.5,0.5,1045.2021818980115,130,130,1054.9860543119485,80,80
116,PGC1715579,PGC1715579,12.33171772836736,0.5,0.5,1383.3770215257173,130,130,1161.846789126216,80,80
117,PGC6469372,PGC6469372,9.269798484223966,0.5,0.5,758.8150665623796,130,130,734.185730986614,80,80
118,PGC3786769,PGC3786769,7.208049396138346,0.5,0.5,577.1133769781621,130,130,649.9960223098466,80,80
119,PGC4347569,PGC4347569,8.042027690043204,0.5,0.5,615.9972246813966,130,130,670.7313544338605,80,80
120,PGC7549978,PGC7549978,6.043997517014192,0.5,0.5,476.9630372965096,130,130,587.4806532549883,80,80
121,PGC4040492,PGC4040492,10.274746197637203,0.5,0.5,785.9787651109577,130,130,758.271362322421,80,80
122,PGC8973115,PGC8973115,7.613948394680225,0.5,0.5,739.4276559462076,130,130,594.8903201400589,80,80
123,PGC9876476,PGC9876476,9.470821539859855,0.5,0.5,948.1174390151152,130,130,795.8441081378187,80,80
124,PGC7695193,PGC7695193,8.717620431504455,0.5,0.5,796.2172227557289,130,130,628.2293850152887,80,80
125,PGC7464609,PGC7464609,14.637222158662361,0.5,0.5,1512.0749499305941,130,130,1105.5692164194456,80,80
126,PGC5137702,PGC5137702,4.590160078304274,0.5,0.5,479.14176763029764,130,130,460.4178859202734,80,80
127,PGC1590659,PGC1590659,12.358846614513812,0.5,0.5,1125.0847760519757,130,130,1030.0479153439794,80,80
128,PGC6038443,PGC6038443,7.668989167770057,0.5,0.5,611.3078539045703,130,130,688.1622056215006,80,80
129,PGC7139859,PGC7139859,5.496414561927718,0.5,0.5,443.843812007964,130,130,335.04580675050687,80,80
130,PGC6269100,PGC6269100,11.735116796222055,0.5,0.5,923.6492678590054,130,130,935.5360173042267,80,80
131,PGC7716962,PGC7716962,6.739045490819887,0.5,0.5,409.6550073160405,130,130,414.814776044333,80,80
132,PGC7042769,PGC7042769,12.31047393585994,0.5,0.5,1260.2931120044957,130,130,996.8111520501218,80,80
133,PGC7195584,PGC7195584,9.422491280394592,0.5,0.5,923.0848824409413,130,130,786.0178471331043,80,80
134,PGC8428729,PGC8428729,3.846662576426013,0.5,0.5,109.93639058823851,130,130,256.6492011906119,80,80
135,PGC7584322,PGC7584322,9.843307595876396,0.5,0.5,612.2087450487139,130,130,815.4400694060695,80,80
136,PGC7746127,PGC7746127,5.829636257485035,0.5,0.5,560.3194035556016,130,130,490.9102355855758,80,80
137,PGC6591542,PGC6591542,9.4014339001276,0.5,0.5,831.9786945557638,130,130,802.1514679411805,80,80
138,PGC7617133,PGC7617133,6.686703106093481,0.5,0.5,568.0299340932712,130,130,632.8259956979006,80,80
139,PGC3670075,PGC3670075,11.033154415298972,0.5,0.5,1083.4170130257241,130,130,852.2829835619947,80,80
140,PGC6221308,PGC6221308,8.85918623690068,0.5,0.5,696.2321500479002,130,130,700.1350040125611,80,80
141,PGC4255854,PGC4255854,10.401905386887702,0.5,0.5,1088.8414181325327,130,130,877.5314626310035,80,80
142,PGC7256966,PGC7256966,11.268806642805133,0.5,0.5,1063.983836233166,130,130,1126.1166638023933,80,80
143,PGC4089742,PGC4089742,14.570213254256608,0.5,0.5,1306.891584811372,130,130,1026.6762995567888,80,80
144,PGC6060714,PGC6060714,7.506958830143192,0.5,0.5,619.1218099045468,130,130,675.6443486904856,80,80
145,PGC9319446,PGC9319446,14.896653072650176,0.5,0.5,1265.796446280727,130,130,1061.3457468662743,80,80
146,PGC6443921,PGC6443921,7.210875414963699,0.5,0.5,735.9566494335172,130,130,592.0081101048673,80,80
147,PGC7827911,PGC7827911,11.212224004933848,0.5,0.5,1113.3583644960322,130,130,945.7021442071831,80,80
148,PGC9714352,PGC9714352,7.461040762109625,0.5,0.5,579.8173695644431,130,130,751.2645850675656,80,80
149,PGC8040132,PGC8040132,10.461239270931177,0.5,0.5,978.3029475916626,130,130,766.6471428470628,80,80
150,PGC4448034,PGC4448034,5.89615688683694,0.5,0.5,448.47623791206667,130,130,376.71513609181244,80,80
151,PGC1287597,PGC1287597,4.695962047301488,0.5,0.5,277.03778641689337,130,130,291.64284305112096,80,80
152,PGC6600276,PGC6600276,9.449172193128154,0.5,0.5,675.3683765397041,130,130,653.1157134205256,80,80
153,PGC3142883,PGC3142883,7.05245506323515,0.5,0.5,400.0967744293313,130,130,466.950039953351,80,80
154,PGC1284033,PGC1284033,4.307754175132466,0.5,0.5,114.30942594037828,130,130,282.3205092309146,80,80
155,PGC4110067,PGC4110067,3.3592686207778115,0.5,0.5,499.1654252612882,130,130,267.6778820585717,80,80
156,PGC2592288,PGC2592288,13.294366433973625,0.5,0.5,971.3162967879279,130,130,1190.81682558391,80,80
157,PGC8552560,PGC8552560,13.726599224650899,0.5,0.5,1347.7855924325272,130,130,1046.7943086837083,80,80
158,PGC7812006,PGC7812006,9.2128109636869,0.5,0.5,480.35140387588046,130,130,633.0874092407355,80,80
159,PGC6101044,PGC6101044,10.095465213121813,0.5,0.5,730.2267440447731,130,130,716.9351838580384,80,80
160,PGC4457153,PGC4457153,12.546693339320978,0.5,0.5,1354.6638422898002,130,130,1129.1169600089129,80,80
161,PGC6397849,PGC6397849,11.968709090390783,0.5,0.5,800.6324411497372,130,130,1102.4751945449343,80,80
162,PGC8585477,PGC8585477,7.773468114557506,0.5,0.5,508.6636119995847,130,130,678.6195496100777,80,80
163,PGC3226710,PGC3226710,7.72091582530043,0.5,0.5,814.1081283529825,130,130,714.0359994145128,80,80
164,PGC9023111,PGC9023111,9.163537798525983,0.5,0.5,767.0943302224853,130,130,599.2799382487999,80,80
165,PGC5047917,PGC5047917,13.529343044257995,0.5,0.5,1371.0813732245388,130,130,1167.6892995685748,80,80
166,PGC4430094,PGC4430094,8.760817164258455,0.5,0.5,814.7557575673494,130,130,772.653313267467,80,80
167,PGC3736515,PGC3736515,5.179163809776961,0.5,0.5,714.0406400849768,130,130,530.0220264566614,80,80
168,PGC6084056,PGC6084056,11.72274969063844,0.5,0.5,886.7402777667717,130,130,1120.4754087798694,80,80
169,PGC3751133,PGC3751133,4.91762939442214,0.5,0.5,294.24655201943386,130,130,399.7053734688124,80,80
170,PGC6615801,PGC6615801,11.076155645117007,0.5,0.5,867.6612438451033,130,130,878.83134944638,80,80
171,PGC9799995,PGC9799995,13.427455058317937,0.5,0.5,941.4556100668118,130,130,1046.4906630184555,80,80
172,PGC1797018,PGC1797018,6.487281849392098,0.5,0.5,458.5801794357102,130,130,505.83551940129956,80,80
173,PGC2902129,PGC2902129,14.738140608503045,0.5,0.5,1338.2934136112651,130,130,1176.076063034222,80,80
174,PGC6145299,PGC6145299,11.126222383056465,0.5,0.5,972.8755555584341,130,130,1052.0927533919426,80,80
175,PGC3866460,PGC3866460,10.79280208384347,0.5,0.5,1105.1429563052718,130,130,1162.737001808941,80,80
176,PGC2250394,PGC2250394,9.245197219694196,0.5,0.5,864.4464257685293,130,130,874.3293983201081,80,80
177,PGC4797651,PGC4797651,9.050302999520191,0.5,0.5,680.9672308863486,130,130,650.9168458570201,80,80
178,PGC6658624,PGC6658624,10.182071069965781,0.5,0.5,1030.9077115891182,130,130,876.2172200455602,80,80
179,PGC7865508,PGC7865508,11.417930507394011,0.5,0.5,818.741496563109,130,130,1056.9383549565628,80,80
180,PGC5228457,PGC5228457,14.814876080827975,0.5,0.5,1297.2718914536972,130,130,1249.7707507158245,80,80
181,PGC6058981,PGC6058981,7.705344237538066,0.5,0.5,811.807483630063,130,130,579.0347588246112,80,80
182,PGC4525547,PGC4525547,6.3597445343179695,0.5,0.5,498.30377865145863,130,130,703.6576048863426,80,80
183,PGC7450870,PGC7450870,11.529795413785617,0.5,0.5,1141.504503305717,130,130,1041.258025201062,80,80
184,PGC7483470,PGC7483470,7.563609491022989,0.5,0.5,599.2739699555372,130,130,569.8879405756418,80,80
185,PGC8026062,PGC8026062,10.949855874108904,0.5,0.5,746.5015327019167,130,130,625.7618891294414,80,80
186,PGC1076169,PGC1076169,13.342894108614525,0.5,0.5,1209.9471323480175,130,130,1209.031864046491,80,80
187,PGC6201605,PGC6201605,11.927671387977623,0.5,0.5,1019.5700645319649,130,130,870.4244760869404,80,80
188,PGC9854784,PGC9854784,8.220810611929805,0.5,0.5,757.2248309432035,130,130,730.3805080935904,80,80
189,PGC5172026,PGC5172026,11.816287828992822,0.5,0.5,973.6128367106436,130,130,959.2517234463305,80,80
190,PGC3266688,PGC3266688,14.018962599521254,0.5,0.5,1437.8470040535135,130,130,1097.3357260385656,80,80
191,PGC2211309,PGC2211309,13.273307381716672,0.5,0.5,1129.2230712728483,130,130,1160.7850626935408,80,80
192,PGC7625653,PGC7625653,14.937179272433811,0.5,0.5,1347.5531577965637,130,130,1210.5672586866626,80,80
193,PGC1891754,PGC1891754,12.613925621868768,0.5,0.5,1225.0687495895966,130,130,1009.1223295121576,80,80
194,PGC2085816,PGC2085816,13.627111464423153,0.5,0.5,864.9203476303762,130,130,1062.6453252004662,80,80
195,PGC3464983,PGC3464983,7.923727074100863,0.5,0.5,831.7542819030572,130,130,642.9743257310485,80,80
196,PGC6298337,PGC6298337,8.378707598716867,0.5,0.5,663.1103319035193,130,130,653.4481781018965,80,80
197,PGC1872552,PGC1872552,13.166456277379641,0.5,0.5,1286.2430066125348,130,130,1207.5761796604356,80,80
198,PGC4460902,PGC4460902,8.237376014122166,0.5,0.5,717.0487282671128,130,130,819.6382770338525,80,80
199,PGC9391548,PGC9391548,12.444382741390955,0.5,0.5,1231.846082781321,130,130,1040.2457819819745,80,80
200,PGC6348551,PGC6348551,4.259872956378039,0.5,0.5,443.54911294665015,130,130,396.58626575831977,80,80
201,PGC8001361,PGC8001361,15.096788003750925,0.5,0.5,1321.7378103345718,130,130,1274.77062434125,80,80
202,PGC8553588,PGC8553588,4.4156107436245335,0.5,0.5,315.1241649795976,130,130,321.00573437375385,80,80
203,PGC8401304,PGC8401304,7.642583425605282,0.5,0.5,575.2552367216826,130,130,686.1502792139154,80,80
204,PGC8194246,PGC8194246,6.092772282187085,0.5,0.5,435.9247993847482,130,130,530.7793939692198,80,80
205,PGC3031383,PGC3031383,11.986870745349368,0.5,0.5,1118.047869585253,130,130,1067.4986209328727,80,80
206,PGC4735392,PGC4735392,10.886113851616877,0.5,0.5,933.2929964713561,130,130,1003.7973517250475,80,80
207,PGC3011482,PGC3011482,13.01219838813408,0.5,0.5,1027.8743331348273,130,130,1003.6987081158168,80,80
208,PGC7961999,PGC7961999,8.942684112827333,0.5,0.5,888.108603054077,130,130,586.722554363577,80,80
209,PGC6179755,PGC6179755,3.6522199346665105,0.5,0.5,258.3681429395424,130,130,361.0788456139536,80,80
210,PGC5034040,PGC5034040,14.629834525022506,0.5,0.5,1459.3140090819115,130,130,1161.4903026808329,80,80
211,PGC5942384,PGC5942384,12.562862271394893,0.5,0.5,1042.3319700063828,130,130,980.5172077049348,80,80
212,PGC7351315,PGC7351315,6.560199698055892,0.5,0.5,444.1415472088247,130,130,543.5288017901778,80,80
213,PGC6022349,PGC6022349,13.634832780524116,0.5,0.5,1491.352566958478,130,130,1096.0549223545718,80,80
214,PGC5734731,PGC5734731,10.259305718652913,0.5,0.5,892.6303719608569,130,130,792.6949283354608,80,80
215,PGC6481627,PGC6481627,5.040750779553144,0.5,0.5,435.8384677460498,130,130,507.22884920343915,80,80
216,PGC2742222,PGC2742222,14.504195591955742,0.5,0.5,1231.6160869658784,130,130,1128.7379796249616,80,80
217,PGC3992792,PGC3992792,10.723401184910099,0.5,0.5,830.7579901964821,130,130,848.2853311532166,80,80
218,PGC7227361,PGC7227361,5.508846069814531,0.5,0.5,660.9900198624392,130,130,449.0504648761371,80,80
219,PGC9429561,PGC9429561,5.211059790947655,0.5,0.5,646.0218106700574,130,130,449.40555906687644,80,80
220,PGC8725039,PGC8725039,12.036230868259594,0.5,0.5,1324.2050413101827,130,130,1021.3636487628379,80,80
221,PGC4586328,PGC4586328,12.767070226243897,0.5,0.5,1177.5413158583685,130,130,1041.0868902497664,80,80
222,PGC6292314,PGC6292314,11.247932861163042,0.5,0.5,818.8709412340097,130,130,1105.567945146266,80,80
223,PGC6189955,PGC6189955,10.445874223886152,0.5,0.5,1175.1354971342757,130,130,952.1554738547745,80,80
224,PGC2431675,PGC2431675,10.981672377702038,0.5,0.5,1061.4181382636968,130,130,1007.3399909675435,80,80
225,PGC7250690,PGC7250690,13.089726303209162,0.5,0.5,1187.4396338701124,130,130,977.850879291916,80,80
226,PGC4615859,PGC4615859,9.900527724220181,0.5,0.5,932.7550205477579,130,130,884.7512569954391,80,80
227,PGC9912014,PGC9912014,7.1765831654822305,0.5,0.5,810.8242053641445,130,130,630.454365678871,80,80
228,PGC4031058,PGC4031058,7.331487998582542,0.5,0.5,289.854215910942,130,130,520.3256385358012,80,80
229,PGC7756153,PGC7756153,11.297655690843714,0.5,0.5,994.6429131878073,130,130,891.4479404333756,80,80
230,PGC1358532,PGC1358532,8.194172749147937,0.5,0.5,759.9840291863211,130,130,701.7049584472308,80,80
231,PGC7436293,PGC7436293,11.546066954946477,0.5,0.5,1057.594978968024,130,130,1008.7755950186984,80,80
232,PGC5032397,PGC5032397,10.42865319193479,0.5,0.5,1142.4049829094774,130,130,934.8621661722127,80,80
233,PGC8278797,PGC8278797,12.013482508262884,0.5,0.5,947.9194202307468,130,130,930.0317141201377,80,80
234,PGC2961105,PGC2961105,6.489509114049042,0.5,0.5,400.3543791920394,130,130,509.2185970725721,80,80
235,PGC5747186,PGC5747186,7.76448303340786,0.5,0.5,637.4497484419878,130,130,682.918262492923,80,80
236,PGC1395330,PGC1395330,15.263412417830976,0.5,0.5,1370.6711432473653,130,130,1218.5880852619407,80,80
237,PGC8457119,PGC8457119,9.886691476768043,0.5,0.5,925.530238100458,130,130,794.4562236718604,80,80
238,PGC6026358,PGC6026358,5.113239954158183,0.5,0.5,325.079246616668,130,130,481.2297779582485,80,80
239,PGC5936246,PGC5936246,5.0988357748106425,0.5,0.5,396.0789308116881,130,130,502.56879355313185,80,80
240,PGC9995203,PGC9995203,6.447782011948395,0.5,0.5,553.1049066566561,130,130,484.7758558196682,80,80
241,PGC5364833,PGC5364833,6.450453103427206,0.5,0.5,616.8589891477964,130,130,558.7233735465866,80,80
242,PGC7223529,PGC7223529,6.033430736478453,0.5,0.5,563.9405737631294,130,130,513.9397849572073,80,80
243,PGC1392196,PGC1392196,14.468445338358055,0.5,0.5,1347.7676492095845,130,130,1198.537283365065,80,80
244,PGC9280522,PGC9280522,15.010809962097387,0.5,0.5,1252.2252989702097,130,130,1256.7156312284721,80,80
245,PGC4192454,PGC4192454,14.609536020068647,0.5,0.5,1609.3234403966835,130,130,1173.4660340777807,80,80
246,PGC6392091,PGC6392091,12.536940845353994,0.5,0.5,1181.5541920825465,130,130,950.9205158849672,80,80
247,PGC1208475,PGC1208475,10.873120666988484,0.5,0.5,1085.928068346112,130,130,878.483786601757,80,80
248,PGC7145731,PGC7145731,13.36921664459982,0.5,0.5,1015.721719240139,130,130,1156.4354981386032,80,80
249,PGC6716149,PGC6716149,13.811997286706381,0.5,0.5,1119.4105343317547,130,130,1299.4062663019436,80,80
250,PGC6029808,PGC6029808,7.895853563391355,0.5,0.5,855.5851053981703,130,130,792.4794505850123,80,80
251,PGC9118246,PGC9118246,14.73621608206317,0.5,0.5,1081.250405569417,130,130,1329.3500182591774,80,80
252,PGC6330682,PGC6330682,6.472934419365602,0.5,0.5,445.2488375757325,130,130,566.3133767751351,80,80
253,PGC5913506,PGC5913506,12.981958053103806,0.5,0.5,1100.8913841410135,130,130,1110.5570476085454,80,80
254,PGC1258723,PGC1258723,7.712109539188314,0.5,0.5,833.026463557835,130,130,773.7735885876309,80,80
255,PGC6741979,PGC6741979,8.836281108484583,0.5,0.5,1071.2627018629726,130,130,654.1936506363257,80,80
256,PGC7196215,PGC7196215,14.749690972795158,0.5,0.5,1370.8262121016792,130,130,1286.0751469174058,80,80
257,PGC8371737,PGC8371737,8.49820646689589,0.5,0.5,802.3351502270793,130,130,801.5825206774421,80,80
258,PGC7220799,PGC7220799,13.06447741283213,0.5,0.5,1081.4027857368367,130,130,1129.0947938061581,80,80
259,PGC9575867,PGC9575867,9.306867981465597,0.5,0.5,768.3373860271107,130,130,742.6556704084014,80,80
260,PGC9960316,PGC9960316,13.528443631063267,0.5,0.5,1049.2347822344086,130,130,1106.0272195948803,80,80
261,PGC3783703,PGC3783703,13.9535007681511,0.5,0.5,1276.2659654003844,130,130,1120.491907720586,80,80
262,PGC4564243,PGC4564243,9.346567665725907,0.5,0.5,814.660275366008,130,130,750.7589140168984,80,80
263,PGC5547859,PGC5547859,8.249365407681356,0.5,0.5,533.5712414273926,130,130,639.5447554387765,80,80
264,PGC1561956,PGC1561956,11.495133394276502,0.5,0.5,771.1516610780574,130,130,948.0637926038227,80,80
265,PGC2397397,PGC2397397,4.84176531255011,0.5,0.5,365.7954169819185,130,130,312.0316759058755,80,80
266,PGC6040470,PGC6040470,4.789143418910078,0.5,0.5,264.75822548093134,130,130,320.58460721160435,80,80
267,PGC8818493,PGC8818493,6.412070547997366,0.5,0.5,356.4467648678549,130,130,495.91646684597254,80,80
268,PGC1727657,PGC1727657,9.691398082869606,0.5,0.5,720.6219103408622,130,130,974.3835934150851,80,80
269,PGC7422133,PGC7422133,13.954528691552149,0.5,0.5,1309.194464884394,130,130,1213.1465381921425,80,80
270,PGC3232705,PGC3232705,10.99553873053275,0.5,0.5,739.5199083757934,130,130,881.1860660712773,80,80
271,PGC3149545,PGC3149545,12.942233012270222,0.5,0.5,991.4504455354298,130,130,1050.1025775477408,80,80
272,PGC2864184,PGC2864184,13.43249205025694,0.5,0.5,1271.8654233150633,130,130,1307.7982696317165,80,80
273,PGC9718998,PGC9718998,15.25803922882052,0.5,0.5,1101.8082612462445,130,130,1219.6536858003358,80,80
274,PGC6173978,PGC6173978,11.617324127661531,0.5,0.5,848.0778101606603,130,130,985.8463325097239,80,80
275,PGC8079503,PGC8079503,13.480995501760047,0.5,0.5,1408.5888090860915,130,130,1188.7622313904844,80,80
276,PGC7112861,PGC7112861,13.582634494299752,0.5,0.5,930.9755945990881,130,130,1147.689619095609,80,80
277,PGC3801991,PGC3801991,6.495956383051512,0.5,0.5,657.5335904037646,130,130,544.3543684212569,80,80
278,PGC9265307,PGC9265307,11.343776123418836,0.5,0.5,973.7824651881954,130,130,1131.8162154314664,80,80
279,PGC4818133,PGC4818133,9.740182699029807,0.5,0.5,921.4539372593324,130,130,786.1558382469464,80,80
280,PGC5216290,PGC5216290,10.914972595525317,0.5,0.5,714.7501384051209,130,130,917.6477857984783,80,80
281,PGC6449520,PGC6449520,5.126855453275042,0.5,0.5,309.0835143057592,130,130,402.30272768892837,80,80
282,PGC4674661,PGC4674661,11.559991336639786,0.5,0.5,1203.2900563331975,130,130,960.6679918278606,80,80
283,PGC9360571,PGC9360571,14.025984813624016,0.5,0.5,1187.0024797533854,130,130,1232.12996539212,80,80
284,PGC4832738,PGC4832738,12.254829490379823,0.5,0.5,1290.3064248544206,130,130,1038.0900024661485,80,80
285,PGC1421944,PGC1421944,15.106032712378587,0.5,0.5,1420.7532993009954,130,130,1330.9321548266114,80,80
286,PGC9249829,PGC9249829,11.394654737839085,0.5,0.5,950.2130270404318,130,130,873.761587058769,80,80
287,PGC5255078,PGC5255078,7.326446519504021,0.5,0.5,646.436078784835,130,130,558.7523832388504,80,80
288,PGC5420307,PGC5420307,12.735320312329202,0.5,0.5,1121.0100340969286,130,130,1113.330829343479,80,80
289,PGC6928743,PGC6928743,7.610817554754867,0.5,0.5,609.9250944273047,130,130,696.666866721431,80,80
290,PGC5299154,PGC5299154,12.212163402014362,0.5,0.5,818.8498955653448,130,130,1025.5061751552003,80,80
291,PGC2206084,PGC2206084,6.725438856250447,0.5,0.5,471.4010524955541,130,130,424.7258067929755,80,80
292,PGC4564330,PGC4564330,10.852533877856484,0.5,0.5,821.6966469169902,130,130,867.9451481901976,80,80
293,PGC2414029,PGC2414029,9.117551047555954,0.5,0.5,801.2147114227636,130,130,918.2193180201866,80,80
294,PGC3763511,PGC3763511,8.071175287679216,0.5,0.5,666.8675051029415,130,130,737.0495636782006,80,80
295,PGC6733598,PGC6733598,6.054461642741769,0.5,0.5,563.0656237864268,130,130,488.3231795984646,80,80
296,PGC6773530,PGC6773530,14.700533080784027,0.5,0.5,1188.9257435467016,130,130,1128.3129932732975,80,80
297,PGC6894942,PGC6894942,13.03632030660651,0.5,0.5,1317.9953376974088,130,130,976.5641972992067,80,80
298,PGC9075403,PGC9075403,7.1918227597488364,0.5,0.5,807.2213922683858,130,130,571.2484289485375,80,80
299,PGC7235107,PGC7235107,12.431162363233257,0.5,0.5,1053.6269127580554,130,130,1011.9614692092973,80,80
300,PGC7777012,PGC7777012,10.256040218166369,0.5,0.5,1110.8628958276458,130,130,948.0812714055245,80,80
301,PGC2820699,PGC2820699,7.985105948745167,0.5,0.5,529.7021868201539,130,130,660.643227723076,80,80
302,PGC9526097,PGC9526097,13.175044330320043,0.5,0.5,1214.4407078595866,130,130,1096.3188102894828,80,80
303,PGC2281085,PGC2281085,15.01648468126064,0.5,0.5,1588.4693890559593,130,130,1275.0775933212315,80,80
304,PGC5091214,PGC5091214,14.163765494402265,0.5,0.5,1341.016873623898,130,130,999.3727149185759,80,80
305,PGC3681968,PGC3681968,14.249573456987363,0.5,0.5,1172.6047797036542,130,130,1210.9005084078499,80,80
306,PGC4922237,PGC4922237,8.163793799341121,0.5,0.5,534.4245368768459,130,130,672.7945826425695,80,80
307,PGC8498130,PGC8498130,9.88919626378454,0.5,0.5,671.2676093501186,130,130,659.8973419780198,80,80
308,PGC9153335,PGC9153335,10.847314426462232,0.5,0.5,1134.2898141092544,130,130,940.2053841292656,80,80
309,PGC8784239,PGC8784239,7.62515454702919,0.5,0.5,540.2338470341545,130,130,654.056754955429,80,80
310,PGC4647915,PGC4647915,5.497650456602639,0.5,0.5,543.8959445535025,130,130,435.49239606719976,80,80
311,PGC9095888,PGC9095888,11.738691794998521,0.5,0.5,1174.9363125267064,130,130,995.9078767873752,80,80
312,PGC1958324,PGC1958324,12.32319039454537,0.5,0.5,1136.952848980045,130,130,978.8528626003155,80,80
313,PGC2933384,PGC2933384,4.225987847774715,0.5,0.5,163.07409657163888,130,130,360.09749856764233,80,80
314,PGC1274305,PGC1274305,11.453741166834332,0.5,0.5,1228.5226755575868,130,130,993.832159553716,80,80
315,PGC8908175,PGC8908175,7.031794121489101,0.5,0.5,964.410042088479,130,130,817.930509404708,80,80
316,PGC8180819,PGC8180819,4.583719882184417,0.5,0.5,81.42454252026084,130,130,160.20864261188146,80,80
317,PGC3258897,PGC3258897,3.734913328959063,0.5,0.5,432.2617448377855,130,130,346.9130358688904,80,80
318,PGC7678989,PGC7678989,15.215005572184545,0.5,0.5,1275.5480637201886,130,130,1326.4799498213154,80,80
319,PGC5083172,PGC5083172,12.031019950896289,0.5,0.5,1089.934122689019,130,130,1059.3803633128825,80,80
320,PGC5192288,PGC5192288,8.208656874543749,0.5,0.5,914.1046577977752,130,130,723.0631914881852,80,80
321,PGC2396386,PGC2396386,6.950666129292159,0.5,0.5,553.844650910251,130,130,538.1667698157819,80,80
322,PGC5530473,PGC5530473,11.858906779865519,0.5,0.5,759.41084633241,130,130,902.8464047272895,80,80
323,PGC4378080,PGC4378080,7.6224377831649175,0.5,0.5,563.1274045985656,130,130,649.4194685770091,80,80
324,PGC9821232,PGC9821232,4.760430907721341,0.5,0.5,195.09119919115338,130,130,384.3937237649676,80,80
325,PGC3776978,PGC3776978,6.629023343663832,0.5,0.5,680.1312358304722,130,130,491.95129051171426,80,80
326,PGC3769406,PGC3769406,6.12162158247201,0.5,0.5,669.0244406163074,130,130,375.7269792841158,80,80
327,PGC7922750,PGC7922750,5.477646065209426,0.5,0.5,455.92739035259547,130,130,421.03905572437935,80,80
328,PGC7157636,PGC7157636,13.40950045864501,0.5,0.5,1271.4762544028442,130,130,1093.4839167135817,80,80
329,PGC8889759,PGC8889759,14.983673683377145,0.5,0.5,1408.9647055771015,130,130,1286.4089049170607,80,80
330,PGC6555438,PGC6555438,9.310520083609322,0.5,0.5,594.1176196600507,130,130,728.6119763316264,80,80
331,PGC1274958,PGC1274958,5.483039137097773,0.5,0.5,516.0506131532272,130,130,396.3214346868375,80,80
332,PGC4209209,PGC4209209,11.397591523368343,0.5,0.5,1074.8293783931147,130,130,808.7699461387662,80,80
333,PGC8164122,PGC8164122,4.019316915056833,0.5,0.5,444.6626596755247,130,130,296.2153069643615,80,80
334,PGC9038485,PGC9038485,6.516661558346415,0.5,0.5,461.8267315884964,130,130,466.1319461678621,80,80
335,PGC9321994,PGC9321994,7.055439330337389,0.5,0.5,761.8119518839003,130,130,495.68082169551684,80,80
336,PGC9584486,PGC9584486,8.86731162144343,0.5,0.5,484.786178491418,130,130,743.7760771229927,80,80
337,PGC6346998,PGC6346998,4.777124253387072,0.5,0.5,148.33076481532922,130,130,446.0547474086281,80,80
338,PGC7478882,PGC7478882,11.609157039893836,0.5,0.5,938.9475956656524,130,130,996.9210981405427,80,80
339,PGC8553068,PGC8553068,8.604012577844587,0.5,0.5,796.305281043569,130,130,596.2957442096025,80,80
340,PGC4838729,PGC4838729,10.142034108033211,0.5,0.5,928.559585714659,130,130,815.1513953492283,80,80
341,PGC1113340,PGC1113340,13.917237892751931,0.5,0.5,1239.800123253591,130,130,1278.101290815508,80,80
342,PGC1276664,PGC1276664,14.879014830558836,0.5,0.5,1209.3257163662663,130,130,1198.1027717435954,80,80
343,PGC9850225,PGC9850225,3.703375212948595,0.5,0.5,316.11782091429313,130,130,422.5139355466663,80,80
344,PGC7902536,PGC7902536,11.149366253973158,0.5,0.5,815.2947217466367,130,130,876.7263869299535,80,80
345,PGC3790571,PGC3790571,8.531492129935991,0.5,0.5,542.7631559753343,130,130,598.2754086494527,80,80
346,PGC5402520,PGC5402520,9.652793086281369,0.5,0.5,904.7667179369652,130,130,804.8546818172517,80,80
347,PGC7787615,PGC7787615,5.075182320019228,0.5,0.5,610.1979617593533,130,130,398.06072999083443,80,80
348,PGC6366841,PGC6366841,10.83014741359413,0.5,0.5,1084.9176944830158,130,130,942.6659102476885,80,80
349,PGC1280909,PGC1280909,6.81190951783256,0.5,0.5,830.972050592267,130,130,466.2724187449736,80,80
350,PGC9221807,PGC9221807,13.035334917515117,0.5,0.5,1250.7317900475484,130,130,996.0678583121612,80,80
351,PGC4618127,PGC4618127,10.279302781810442,0.5,0.5,861.7018372457895,130,130,719.2030120817843,80,80
352,PGC5537124,PGC5537124,12.973140983059599,0.5,0.5,1104.9724916711345,130,130,1062.5512050140658,80,80
353,PGC8080720,PGC8080720,7.270751987098674,0.5,0.5,720.7855254879354,130,130,571.4574283942957,80,80
354,PGC5318724,PGC5318724,8.973643508199936,0.5,0.5,866.5099526793028,130,130,765.1696979712971,80,80
355,PGC9235532,PGC9235532,14.957686195635281,0.5,0.5,1407.5913458823572,130,130,1044.448391517411,80,80
356,PGC6196156,PGC6196156,9.756914439528177,0.5,0.5,1013.3725087637365,130,130,839.2964099380628,80,80
357,PGC1773083,PGC1773083,13.591594457026575,0.5,0.5,1003.3172622970121,130,130,1160.2278129419842,80,80
358,PGC6442135,PGC6442135,13.504654369974132,0.5,0.5,1343.1720405320223,130,130,1176.6203140312007,80,80
359,PGC3132163,PGC3132163,3.8599259634441982,0.5,0.5,469.3219978315791,130,130,403.2449959210525,80,80
360,PGC8307538,PGC8307538,5.893840029477693,0.5,0.5,695.3761299997168,130,130,597.7060714922743,80,80
361,PGC3722891,PGC3722891,5.659564417041681,0.5,0.5,289.6804096405609,130,130,539.4906302124753,80,80
362,PGC8396570,PGC8396570,11.395501625786252,0.5,0.5,949.6985506712776,130,130,994.5438670863799,80,80
363,PGC7725469,PGC7725469,7.505967629158753,0.5,0.5,319.19654965192154,130,130,579.5478311068582,80,80
364,PGC7586644,PGC7586644,12.28432565064078,0.5,0.5,919.8927467259642,130,130,1000.8613307674992,80,80
365,PGC5400326,PGC5400326,11.20959887469289,0.5,0.5,924.8126791903285,130,130,977.1557612900891,80,80
366,PGC3689137,PGC3689137,12.454692872079706,0.5,0.5,1083.6352117894542,130,130,1028.3149714269853,80,80
367,PGC5974881,PGC5974881,6.059111072122032,0.5,0.5,467.658815482329,130,130,419.6688497527408,80,80
368,PGC1869310,PGC1869310,9.436246037531156,0.5,0.5,926.5082328606056,130,130,742.7976609544921,80,80
369,PGC3458575,PGC3458575,8.56147364236723,0.5,0.5,648.8110840407004,130,130,820.6691137546889,80,80
370,PGC9702024,PGC9702024,12.516245744040658,0.5,0.5,1303.0660019841032,130,130,1043.6458341370846,80,80
371,PGC5026395,PGC5026395,14.469777067647838,0.5,0.5,1040.3150093335685,130,130,1050.5486665549688,80,80
372,PGC7645928,PGC7645928,12.49055395766961,0.5,0.5,1287.457596587474,130,130,1127.0241461734902,80,80
373,PGC1563755,PGC1563755,13.919372927482987,0.5,0.5,1199.3703006768742,130,130,1230.1896892150567,80,80
374,PGC5999677,PGC5999677,12.144541595732811,0.5,0.5,855.7652478139437,130,130,959.6115656185733,80,80
375,PGC7403283,PGC7403283,9.029915209371497,0.5,0.5,693.2027227787166,130,130,776.8094923999997,80,80
376,PGC4050246,PGC4050246,12.638135620906777,0.5,0.5,1216.9875355834974,130,130,1049.640762591532,80,80
377,PGC4269125,PGC4269125,6.6619724453840945,0.5,0.5,597.0404316184827,130,130,302.45429698763536,80,80
378,PGC5125125,PGC5125125,14.206267439683542,0.5,0.5,1243.1674935408384,130,130,1181.4531675913952,80,80
379,PGC1649177,PGC1649177,12.927089705326006,0.5,0.5,1162.404688112104,130,130,1038.130736463033,80,80
380,PGC5746274,PGC5746274,13.808815291257904,0.5,0.5,1234.0123345543184,130,130,1123.4323062278272,80,80
381,PGC7066703,PGC7066703,5.628855173674839,0.5,0.5,404.5337906260343,130,130,345.200399375312,80,80
382,PGC5317252,PGC5317252,9.204507577734347,0.5,0.5,790.0112990072821,130,130,736.1287615156592,80,80
383,PGC1462874,PGC1462874,5.642750152891395,0.5,0.5,583.7876380304594,130,130,488.5491517908004,80,80
384,PGC4777650,PGC4777650,11.276697652534901,0.5,0.5,1006.4411301443631,130,130,1040.1374195781186,80,80
385,PGC8452284,PGC8452284,6.158119230572064,0.5,0.5,669.7878610531786,130,130,479.5272422672681,80,80
386,PGC1301128,PGC1301128,8.652737216107461,0.5,0.5,833.9800571540975,130,130,695.3743153884028,80,80
387,PGC5041496,PGC5041496,12.218840262266047,0.5,0.5,995.8886466887886,130,130,853.6204533006696,80,80
388,PGC4108219,PGC4108219,7.770718052350389,0.5,0.5,536.5923832850342,130,130,581.6172824052013,80,80
389,PGC9436929,PGC9436929,6.821541655121403,0.5,0.5,534.6966515354711,130,130,589.2734181645953,80,80
390,PGC6718330,PGC6718330,5.092272299244033,0.5,0.5,492.2618415489571,130,130,489.7746862405185,80,80
391,PGC3761568,PGC3761568,8.031763607141322,0.5,0.5,754.6335809027617,130,130,723.5230062944295,80,80
392,PGC4140277,PGC4140277,3.6422072234434593,0.5,0.5,262.8193941868561,130,130,293.8798413564454,80,80
393,PGC5016238,PGC5016238,9.761683729840376,0.5,0.5,885.042198681882,130,130,695.6072326420149,80,80
394,PGC2882616,PGC2882616,6.694100870141397,0.5,0.5,626.1681066214853,130,130,667.1020931246519,80,80
395,PGC2682600,PGC2682600,9.495107785255009,0.5,0.5,990.5704597262353,130,130,601.5242389518763,80,80
396,PGC1156742,PGC1156742,13.545370243308787,0.5,0.5,1363.3669345923306,130,130,1339.0616298312307,80,80
397,PGC6570527,PGC6570527,8.459824196349821,0.5,0.5,800.1668605696904,130,130,783.1737308809342,80,80
398,PGC6728094,PGC6728094,10.020784524601627,0.5,0.5,927.6001585848938,130,130,955.5534994189844,80,80
399,PGC3118359,PGC3118359,8.710481226125317,0.5,0.5,648.3387712827404,130,130,683.5050070573197,80,80
400,PGC4688866,PGC4688866,14.529712891078514,0.5,0.5,1312.67062040273,130,130,1229.2871695694253,80,80
401,PGC1469512,PGC1469512,13.944078041336866,0.5,0.5,1187.5987129548446,130,130,990.6242787072086,80,80
402,PGC7950413,PGC7950413,7.836490441683658,0.5,0.5,1025.2957585003883,130,130,704.195462658992,80,80
403,PGC3382424,PGC3382424,9.282027738297698,0.5,0.5,864.6819657231757,130,130,761.2137777414223,80,80
404,PGC2033012,PGC2033012,4.834864924130638,0.5,0.5,653.2984112410596,130,130,434.08761115353434,80,80
405,PGC7645676,PGC7645676,9.398669614801983,0.5,0.5,791.1326588419367,130,130,761.4795215111393,80,80
406,PGC9600198,PGC9600198,4.5104838901949575,0.5,0.5,494.3443585944576,130,130,384.60710248290405,80,80
407,PGC4155719,PGC4155719,9.583230905124685,0.5,0.5,1006.0499137798239,130,130,817.4806773341057,80,80
408,PGC2217367,PGC2217367,8.297654221687353,0.5,0.5,989.1168751889493,130,130,660.773397140205,80,80
409,PGC8077702,PGC8077702,8.08280380037764,0.5,0.5,751.5443422814634,130,130,806.058865943572,80,80
410,PGC1024321,PGC1024321,6.70262834748302,0.5,0.5,781.2162436955105,130,130,492.43722575586133,80,80
411,PGC6888864,PGC6888864,5.205056810238421,0.5,0.5,562.7265147339119,130,130,539.3655177867072,80,80
412,PGC6105451,PGC6105451,11.79927740166829,0.5,0.5,1067.0430565983374,130,130,893.5675044265085,80,80
413,PGC9963237,PGC9963237,7.469410896565845,0.5,0.5,673.8542950537002,130,130,473.0998142867584,80,80
414,PGC3960012,PGC3960012,7.942077232864892,0.5,0.5,856.5730475933314,130,130,791.405238862462,80,80
415,PGC9095692,PGC9095692,7.25549947382486,0.5,0.5,486.89522479923573,130,130,642.1595285235401,80,80
416,PGC1446260,PGC1446260,13.82234009432636,0.5,0.5,1345.2011527602895,130,130,1172.7909309832066,80,80
417,PGC8805581,PGC8805581,13.884223911132066,0.5,0.5,1107.9267779096404,130,130,1168.5069350702156,80,80
418,PGC9729729,PGC9729729,11.076506181891943,0.5,0.5,1178.6719567823718,130,130,988.7333031342328,80,80
419,PGC3775664,PGC3775664,13.149559706383808,0.5,0.5,1345.2788422207655,130,130,1213.4578161981638,80,80
420,PGC1145178,PGC1145178,10.048664438484355,0.5,0.5,906.7614980890893,130,130,780.5971862852106,80,80
421,PGC5223853,PGC5223853,15.464056530716949,0.5,0.5,1374.7441795184147,130,130,1329.3357899717766,80,80
422,PGC2355461,PGC2355461,8.849485446547053,0.5,0.5,762.3895169285398,130,130,511.01571589534296,80,80
423,PGC9166937,PGC9166937,11.78839948151567,0.5,0.5,915.0460307204326,130,130,1033.1525070782404,80,80
424,PGC1405280,PGC1405280,6.829376228873188,0.5,0.5,702.4228469374918,130,130,671.7076251665583,80,80
425,PGC5558393,PGC5558393,8.035414005197163,0.5,0.5,502.4202906368375,130,130,507.23572173382604,80,80
426,PGC8639679,PGC8639679,6.113377829917066,0.5,0.5,396.92614142561223,130,130,449.70601765265866,80,80
427,PGC8773948,PGC8773948,13.985926176323288,0.5,0.5,1193.006504980277,130,130,1161.3598699950946,80,80
428,PGC2708079,PGC2708079,6.072878274919,0.5,0.5,320.05848333103614,130,130,365.19961204892775,80,80
429,PGC4671739,PGC4671739,9.43451426029357,0.5,0.5,695.5314868477093,130,130,734.5146193575063,80,80
430,PGC2573141,PGC2573141,6.804060087329526,0.5,0.5,417.39317423747775,130,130,635.1840632980814,80,80
431,PGC2893013,PGC2893013,6.130044807954533,0.5,0.5,494.48001471918235,130,130,421.2813390343583,80,80
432,PGC5773983,PGC5773983,13.688757354286865,0.5,0.5,1346.1096895982507,130,130,1160.3317711286418,80,80
433,PGC3696052,PGC3696052,8.618623166085289,0.5,0.5,333.84252204037875,130,130,663.34413158235,80,80
434,PGC6510963,PGC6510963,13.633404544793908,0.5,0.5,1104.5884295418537,130,130,1273.5870156380895,80,80
435,PGC8935004,PGC8935004,12.552828571026836,0.5,0.5,1259.8266294371829,130,130,1086.6226062476628,80,80
436,PGC6746755,PGC6746755,4.3378251541784065,0.5,0.5,388.80730065565524,130,130,363.6767505680298,80,80
437,PGC6975727,PGC6975727,13.290515413849766,0.5,0.5,1063.07265456556,130,130,1002.918874132591,80,80
438,PGC2522206,PGC2522206,13.509616768428122,0.5,0.5,1364.6371747551605,130,130,1234.1934064975023,80,80
439,PGC7886005,PGC7886005,11.542085315164558,0.5,0.5,995.6378464154454,130,130,1061.7123064327136,80,80
440,PGC2344769,PGC2344769,10.995626557121659,0.5,0.5,1004.2417892021127,130,130,927.2236417314003,80,80
441,PGC7900836,PGC7900836,5.1560639308056535,0.5,0.5,76.48173414282309,130,130,276.03654844186906,80,80
442,PGC8294812,PGC8294812,7.184002841422738,0.5,0.5,570.1653658298183,130,130,486.3901835547365,80,80
443,PGC7718763,PGC7718763,13.232979601043915,0.5,0.5,1089.0239263087174,130,130,1076.2120770501988,80,80
444,PGC3506909,PGC3506909,11.420095798807926,0.5,0.5,939.8151285333254,130,130,979.5716907772849,80,80
445,PGC2847028,PGC2847028,10.686935942088429,0.5,0.5,706.7025949600036,130,130,849.7671659325018,80,80
446,PGC5722153,PGC5722153,11.573854065879365,0.5,0.5,1199.7752427867033,130,130,902.8725547784288,80,80
447,PGC8802791,PGC8802791,5.722426254999199,0.5,0.5,623.8695771514228,130,130,514.4386834552226,80,80
448,PGC8047283,PGC8047283,11.865319917433641,0.5,0.5,1202.9599161916844,130,130,974.6914965614835,80,80
449,PGC2121374,PGC2121374,14.990263579968222,0.5,0.5,1140.0040843909362,130,130,1250.8701679969447,80,80
450,PGC9874807,PGC9874807,12.071841665221934,0.5,0.5,1349.122683968883,130,130,1036.341955349472,80,80
451,PGC5114170,PGC5114170,12.946537423470843,0.5,0.5,1069.0888370155828,130,130,1071.2005945649562,80,80
452,PGC8802334,PGC8802334,15.280896671800392,0.5,0.5,1201.2274436905245,130,130,1170.4174395118037,80,80
453,PGC7065577,PGC7065577,4.231113551498109,0.5,0.5,355.18354652063266,130,130,384.26816980509386,80,80
454,PGC5513538,PGC5513538,13.28749463634305,0.5,0.5,1351.3554330894067,130,130,1109.8939137546936,80,80
455,PGC1745204,PGC1745204,8.98973905777535,0.5,0.5,856.0283427974915,130,130,899.6706500078953,80,80
456,PGC9875534,PGC9875534,8.511804419551014,0.5,0.5,562.5805817709746,130,130,587.4391411667553,80,80
457,PGC4799823,PGC4799823,3.516871738917918,0.5,0.5,470.4595589351493,130,130,403.5010214615219,80,80
458,PGC9954518,PGC9954518,5.200442758658987,0.5,0.5,506.51567119812137,130,130,570.3956413102392,80,80
459,PGC2055655,PGC2055655,8.922578412719641,0.5,0.5,817.8759603699543,130,130,896.560967924869,80,80
460,PGC8615641,PGC8615641,4.272898835031757,0.5,0.5,154.78047851185082,130,130,331.49127585551474,80,80
461,PGC9605560,PGC9605560,5.048026754972349,0.5,0.5,614.6212183317643,130,130,253.90347540859563,80,80
462,PGC3003078,PGC3003078,8.448887027914422,0.5,0.5,1031.3864632831385,130,130,540.7280141832549,80,80
463,PGC9415306,PGC9415306,12.338416574132419,0.5,0.5,1142.8654917851297,130,130,987.2613910755397,80,80
464,PGC6398944,PGC6398944,13.806110667230211,0.5,0.5,1402.0799419840048,130,130,1064.8102422478207,80,80
465,PGC6489024,PGC6489024,7.368554623828147,0.5,0.5,780.3265835435448,130,130,692.2730979768595,80,80
466,PGC9311229,PGC9311229,13.94572573952636,0.5,0.5,1301.1651925136966,130,130,1083.0486472171542,80,80
467,PGC3170026,PGC3170026,12.629344954649799,0.5,0.5,1145.3363688759844,130,130,872.1871044474058,80,80
468,PGC1027170,PGC1027170,6.284111547871497,0.5,0.5,294.3738376368083,130,130,408.8018057766818,80,80
469,PGC4629147,PGC4629147,15.533353241679952,0.5,0.5,1221.4044501391213,130,130,1182.379247995068,80,80
470,PGC2641438,PGC2641438,8.907836093227528,0.5,0.5,732.0013365189964,130,130,735.0773325610811,80,80
471,PGC1168318,PGC1168318,9.09550618694331,0.5,0.5,758.502174763976,130,130,724.354071001292,80,80
472,PGC9649267,PGC9649267,10.482539715062105,0.5,0.5,896.6045924668604,130,130,993.1045936183502,80,80
473,PGC7113374,PGC7113374,13.085980176658044,0.5,0.5,1305.216572204454,130,130,1037.1828041216268,80,80
474,PGC9877874,PGC9877874,10.545605180507831,0.5,0.5,1040.6589186895335,130,130,810.9609556347549,80,80
475,PGC2854275,PGC2854275,12.390814197690757,0.5,0.5,1388.285460380346,130,130,1025.932961073939,80,80
476,PGC3522882,PGC3522882,13.485467952757197,0.5,0.5,1382.881240963902,130,130,1193.3669025054312,80,80
477,PGC3648016,PGC3648016,10.273245582432976,0.5,0.5,912.8390170987659,130,130,914.5779531807497,80,80
478,PGC4725973,PGC4725973,12.620502406153353,0.5,0.5,918.0197042928678,130,130,972.7639673374483,80,80
479,PGC5223902,PGC5223902,7.277182231365469,0.5,0.5,573.5659202103438,130,130,529.7985167335472,80,80
480,PGC4272766,PGC4272766,12.270064457436563,0.5,0.5,1207.3354257179315,130,130,985.1774136999273,80,80
481,PGC7164358,PGC7164358,10.288514795360015,0.5,0.5,1105.565619514219,130,130,905.639274765406,80,80
482,PGC6231465,PGC6231465,7.780045615263852,0.5,0.5,510.0739923645881,130,130,582.1920894021754,80,80
483,PGC8632161,PGC8632161,8.687912140058728,0.5,0.5,727.9742484625226,130,130,579.5543314809006,80,80
484,PGC8589270,PGC8589270,13.1029907149031,0.5,0.5,903.0982499221504,130,130,1102.2437650887712,80,80
485,PGC6055464,PGC6055464,11.96589638739182,0.5,0.5,1128.976565283296,130,130,1105.077360039854,80,80
486,PGC2390821,PGC2390821,14.436568091228041,0.5,0.5,1348.563697971364,130,130,1278.155856060054,80,80
487,PGC8413379,PGC8413379,9.349826996309343,0.5,0.5,639.4939016494807,130,130,759.0754432792394,80,80
488,PGC8320325,PGC8320325,9.459474749982776,0.5,0.5,894.7985790562184,130,130,693.7194094434203,80,80
489,PGC8919124,PGC8919124,14.147410547175598,0.5,0.5,1481.587458326626,130,130,1179.5797686739063,80,80
490,PGC2903536,PGC2903536,12.657001606478357,0.5,0.5,1099.2461474245433,130,130,1086.9672947148995,80,80
491,PGC5586717,PGC5586717,10.703735294684156,0.5,0.5,961.3297841838128,130,130,945.3104751313741,80,80
492,PGC3506115,PGC3506115,5.538552340330546,0.5,0.5,319.98519412362396,130,130,376.1954005590443,80,80
493,PGC8677992,PGC8677992,12.730310731885751,0.5,0.5,1026.0166303274973,130,130,961.436243045155,80,80
494,PGC2719108,PGC2719108,5.189269772248543,0.5,0.5,422.42317155474143,130,130,370.39354058602095,80,80
495,PGC9022368,PGC9022368,12.054258289333694,0.5,0.5,1113.2592432453037,130,130,862.5999286137903,80,80
496,PGC6595264,PGC6595264,7.54645308504632,0.5,0.5,590.5888959826561,130,130,429.87136319218473,80,80
497,PGC5593555,PGC5593555,10.166429859835702,0.5,0.5,897.9525560727132,130,130,1033.5850507150208,80,80
498,PGC6733979,PGC6733979,11.859094756721426,0.5,0.5,1023.4997562097261,130,130,1013.6953147828715,80,80
499,PGC8477864,PGC8477864,11.025589062696438,0.5,0.5,879.6935910627158,130,130,847.7888915653951,80,80
