Unnamed: 0,Name,PGC,RA,Dec,Dis,e_Dis_min,e_Dis_max,ref_dis,V_h,e_V_h,ref_V_h,Source,Type,e_V_LG,RA_radians,Dec_radians,cos_theta_CoM_CenA_M83_0.84,angular_distance_CoM_CenA_M83_0.84,dis_center_CoM_CenA_M83_0.84,e_dis_center_min_CoM_CenA_M83_0.84,e_dis_center_max_CoM_CenA_M83_0.84,major_infall_velocity_CoM_CenA_M83_0.84,e_major_infall_velocity_min_CoM_CenA_M83_0.84,e_major_infall_velocity_max_CoM_CenA_M83_0.84,minor_infall_velocity_CoM_CenA_M83_0.84,e_minor_infall_velocity_min_CoM_CenA_M83_0.84,e_minor_infall_velocity_max_CoM_CenA_M83_0.84
98,NGC4945,PGC045279,196.3583,-49.4711,3.72,0.03,0.03,-3,298.55724777322644,3.0,-4,HI,Scd,3.0,3.427098848618782,-0.0150697588360102,0.9952374176928024,0.0976357258460774,0.3723747770470487,0.0099475928697118,0.0320759092975353,30.98930526239305,146.21197656393275,309.6284229388253,29.94281420736145,4.394336812412625,2.716819464334648
21,ESO269-058,PGC045717,197.6333,-46.9908,3.75,0.02,0.02,-1,140.480657571108,18.0,-5,HI,dIrr,18.0,3.449351796581709,-0.0143142162497132,0.9971608085752544,0.0753728856312108,0.2863594953756511,0.0054800778940317,0.0265553315003574,987.8344793708002,4981.050232086223,16510.358823244973,37.69097851647827,55.677397085765,53.1954080873631
24,ESO269-066,PGC045916,198.2875,-44.89,3.75,0.03,0.03,-1,528.3534937557538,31.0,-8,stars,dSph,31.0,3.460769740548256,-0.0136742759742253,0.9979562748779952,0.0639440636343842,0.2437395966043399,0.0059686077967254,0.0346750121652859,-1219.5833554424262,7951.56701477186,32242.36567112364,-7.617632109655729,96.90530439318312,99.56182396984912
99,NGC5011C,PGC045917,198.2958,-43.2656,3.73,0.03,0.03,-1,393.5811477877189,96.0,-9,stars,Tr,96.0,3.460914602876172,-0.0131794554375238,0.9979660640500304,0.0637906859463463,0.2463732283412773,0.009353366427873,0.0414002650036493,-338.3868799671176,2401.496129824846,7531.968975942724,1.0154869290814552,84.15343897991013,56.95859935592633
68,KK196,PGC046663,200.4458,-45.0633,3.96,0.11,0.11,-1,489.7223930804906,15.0,-11,stars,dIrr,15.0,3.498439181794049,-0.0137270661730743,0.9996541254718264,0.0263018808533138,0.2008218556023111,0.0993409880265808,0.1659472610424378,216.80516604860588,5087.757626383515,8333.047274558427,165.17834086144703,169.5109681237221,35.46841605680041
101,NGC5102,PGC046674,200.4875,-36.6297,3.74,0.39,0.39,-3,227.00435746184783,18.0,-12,HI,Sa,18.0,3.499166984092132,-0.0111580447015612,0.9996733358681812,0.0255609826993127,0.1070274431697659,0.0103052576134315,0.4085668421912257,171.72862925439583,4273.863656694168,104167.57490333953,39.93064666069567,136.0401702714977,60.162604254738056
69,KK197,PGC046680,200.5086,-42.5359,3.84,0.04,0.04,-1,395.554618859966,3.0,-7,stars,dSph,3.0,3.4995352485643023,-0.0129571761063054,0.9996831070125536,0.0251757711191418,0.1096977339227223,0.013976712641788,0.0785965099009873,193.0163265099781,4039.94118683702,20763.509380806867,51.91365488097384,95.35431802931136,38.45100262047373
8,CenA,PGC046957,201.3667,-43.0167,3.68,0.05,0.05,-1,309.7411942000623,10.0,-4,HI,S00,10.0,3.514511918875666,-0.0131036361617389,0.9999477402321528,0.0102235241510901,0.1135297510957755,0.0754994851901255,0.117007711473653,-5.878044973902823,295.3050739607436,445.1846653424906,-4.183189483673485,15.923363774427727,14.464061898803015
32,ESO324-024,PGC047171,201.9042,-41.4806,3.78,0.09,0.09,-1,271.4628537463437,18.0,-12,HI,Sdm,18.0,3.523893063605135,-0.0126357133432045,0.9999996134327668,0.0008792806810324,0.0076804219241977,0.0042301925487008,0.1596936604030334,36.290392849133575,22703.74350773181,825489.3709235581,29.59758140718716,85.65493123102934,26.472540865463632
104,NGC5206,PGC047762,203.4292,-48.1511,3.21,0.01,0.01,-1,334.06263174088883,6.0,-13,stars,S0âˆ’,6.0,3.5505093346980487,-0.0146676638418917,0.999664319910142,0.0259113439144508,0.5839526569066833,0.0781551448781998,0.0796619819917918,-30.07800109082207,64.31653147436204,65.32281382913456,-28.23527671331428,11.47115240234208,11.475960148931469
107,NGC5237,PGC048139,204.4083,-42.8475,3.33,0.02,0.02,-1,122.00983783484256,4.0,-4,HI,BCD,4.0,3.567597853404325,-0.0130520948943109,0.9990800774743592,0.042896703909729,0.4816425033423693,0.083919717976615,0.086752752995959,190.8634950787608,561.0810653320058,578.9768130298572,175.63667956012011,12.434504223090102,11.193057138838896
109,NGC5253,PGC048334,204.9792,-31.64,3.55,0.03,0.03,-3,192.8282666470973,3.0,-4,HI,Sdm,3.0,3.5775619381039605,-0.0096380951620514,0.9986000000872552,0.0529211999369109,0.3062259066320069,0.0690488028803518,0.0834111568929601,141.30727053876353,1034.2394727758578,1235.8743024485566,94.42574346191566,23.980613643098778,15.763796899602752
71,KK211,PGC048515,205.5208,-45.205,3.68,0.14,0.14,-1,359.7712151411396,31.0,-14,stars,Sph,31.0,3.5870146413327624,-0.0137702304614581,0.998058587077707,0.0623224105503103,0.2560136888007439,0.0239756956712145,0.136064594595196,-123.20419269349124,1061.6341976188455,4590.716884748847,-4.397591946709451,57.32520104373194,60.76114070073096
35,ESO325-011,PGC048738,206.25,-41.8589,3.4,0.05,0.05,-1,311.1276663546054,1.0,-15,HI,dIrr,1.0,3.5997415822383045,-0.0127509501131098,0.997186366399146,0.0750327130531176,0.4713418615694041,0.0920155126968996,0.1032111549721923,-7.21972342674444,35.238140785597665,38.36586853859621,7.502824225010888,8.456346258978517,8.555072781214303
42,ESO383-087,PGC049050,207.325,-36.0614,3.19,0.03,0.03,-1,107.69664987897346,2.0,-4,HI,Sdm,2.0,3.618503871697244,-0.0109849306218964,0.9956037874449596,0.093802318209204,0.6800967006821206,0.0859160251823764,0.0902651421322547,219.24843643697812,359.376962498911,375.81736459748095,181.3617570119453,12.78334081920383,11.067600444136843
140,PGC1599237,PGC1599237,138.4131,19.6188,8.128305161640995,0.3300040564084057,0.3439689797649734,CF4,322.74875595669494,2.0,LEDA,,,2.0,2.415764322892163,0.0059762282353114,0.4454955461726586,1.1090686349956231,7.279031312730893,0.2930846190298428,0.3065153744448228,7041.831180790192,22123.29729458297,23022.66201411604,292.5303146052082,6.61987507345583,6.811093891207577
141,PGC166152,PGC166152,196.2597,-40.0823,5.807644175213121,0.3374845462734024,0.3583058434016974,CF4,361.9355030193232,2.0,LEDA,,,2.0,3.4253779539763154,-0.0122097668051167,0.995071923217244,0.0993189787224617,2.0736642005698376,0.3976120562708374,0.4202144961155696,58.264469096341465,73.14160614010113,76.83473322210475,63.73737573503272,7.849000395859939,7.856141538803364
67,KK189,PGC166158,198.1883,-41.832,4.21,0.17,0.17,-6,501.46315827146793,4.0,-7,stars,dSph,4.0,3.459038373930278,-0.0127427559045175,0.9978450022837008,0.0656623509162845,0.4977032634364016,0.1806390236621785,0.2155335542064876,235.86937626566524,1798.9961374398122,2118.796102359223,181.47049881066167,51.66689036981563,20.022374592518474
142,PGC166163,PGC166163,200.2845,-31.5291,5.495408738576244,0.2473341360785239,0.2589906347953272,CF4,344.5713239817594,3.0,LEDA,,,3.0,3.495623965710583,-0.0096043130901971,0.999573622636118,0.0292030021380347,1.7136719185957123,0.3167459290507972,0.3274122427216566,40.4229058509661,56.530021105399726,58.20503175139622,41.01056729644638,8.41118420333948,8.413420736820022
70,KK203,PGC166167,201.8681,-45.3524,3.78,0.25,0.25,-3,57.40932932841815,10.0,-7,stars,Tr,10.0,3.523262999745165,-0.0138151310691347,0.9999978083610432,0.0020936283133872,0.0105198156899556,0.001982637816823,0.3169125424364613,374.5539137719501,94339.25199257548,12336425.265968582,162.67149866694174,424.70301443108497,99.39383114528296
72,KK221,PGC166179,207.1917,-46.9974,3.82,0.07,0.07,-1,267.8207857080964,13.0,-14,stars,dIrr,13.0,3.616177347804335,-0.0143162267246838,0.9958179672411104,0.0914871675553841,0.3494124474557482,0.0068124299504407,0.0386846405720724,-765.7198264765613,13216.828328267462,44276.45256473629,22.604286728263126,23.700756327859693,18.15905863252612
118,PGC020125,PGC20125,106.3238,-58.5189,5.176068319505678,0.2556729626911664,0.2689582089185336,CF4,278.68704610944906,4.0,LEDA,,,4.0,1.855700383231947,-0.0178258763267564,-0.097807689976799,1.6687606356058649,6.70572852991168,0.2550977333479469,0.2682207462280717,517.687229627861,40.02861599102256,41.3533928420925,425.2516756337381,9.15373777140968,8.928180366484241
52,ESO558-011,PGC20171,106.7376,-22.0396,7.014552984199714,0.3157068900344519,0.3305856973714407,CF4,493.0354562113097,3.0,LEDA,,,3.0,1.8629225556766995,-0.0067136460851311,-0.0907685231679513,1.6616899535163183,8.268434426384992,0.3174812107091407,0.3323550259782735,652.2062558617386,49.98808332440396,51.54993235681861,601.5007805331032,6.426795891118786,6.236344844728478
156,UGC03755,PGC20445,108.4653,10.5211,7.516228940182051,0.1710902586109073,0.1750754626840427,CF4,188.80529607802544,2.0,LEDA,,,2.0,1.8930766091634053,0.0032049103353179,-0.0608284108157558,1.6316623120295126,8.619584903155285,0.1877888928621534,0.1920300111612594,641.0962223352203,37.1150633594106,37.66127034786358,319.45494678653495,7.265682012467778,7.37325908400436
10,ESO059-001,PGC21199,112.8268,-68.1875,4.5289757990362105,0.0621398775265786,0.0630043293324806,CF4,246.7721819663658,4.0,LEDA,,,4.0,1.9691991444891384,-0.0207711003117061,0.0155414518747514,1.5552542492135657,5.858268094731171,0.09125903503186,0.0927651225540922,473.4234276188458,25.130485728463523,25.42224195248788,381.27208772762873,7.690528105925523,7.648842759108618
157,UGC03974,PGC21600,115.4808,16.8025,7.979946872679773,0.073160592681515,0.0738375393108983,CF4,162.279877513386,2.0,LEDA,,,2.0,2.015520182837068,0.0051183341959661,0.0615047817763702,1.5092527017539872,8.61992194384825,0.092128231755229,0.0933487110272199,769.3793033841617,42.198314759386086,42.64942112437266,262.15987498061,6.150704627868379,6.252334452638934
119,PGC021614,PGC21614,115.632,16.5612,7.798301105232589,0.1069967023664952,0.1084851747656685,CF4,172.84758687488682,4.0,LEDA,,,4.0,2.018159120666083,0.0050448300125716,0.064139189140451,1.5066130796979478,8.447841242164735,0.1225757938568588,0.1244376882767035,753.3291228629168,46.111977702054055,46.6450161855595,272.9329143182164,8.317211223838285,8.409321180600443
158,UGC04115,PGC22277,119.259,14.391,7.691304402866094,0.1055286525742618,0.1069967023664952,CF4,222.34111983350223,6.0,LEDA,,,6.0,2.081462212635917,0.0043837492881505,0.127143834739647,1.4433074174325804,8.12960442278238,0.1174605623100095,0.1192396247704508,798.5122825787325,60.75690745796667,61.47174297851553,302.28837672382303,9.71708148192738,9.776907485695745
50,ESO495-021,PGC24171,129.0633,-26.4093,8.053784411990671,0.2554833067580819,0.2638532990360431,CF4,571.9098072004841,9.0,LEDA,,,9.0,2.2525795284891976,-0.0080447328243731,0.2943179319754212,1.2720545652149071,7.8263265032241875,0.2388719301569297,0.2468639952021423,750.5927631980046,220.30278026001696,225.6208151515314,562.1405715745286,9.89656316587832,9.65788131974125
51,ESO496-010,PGC24781,132.2749,-26.3215,8.394599865193978,0.3036408734101439,0.315036034366825,CF4,519.3701878521875,10.0,LEDA,,,10.0,2.3086325227462474,-0.0080179874149158,0.3473931905549952,1.2160066054018936,7.919787813898891,0.2787102642390158,0.2896439207155818,1125.6525827549226,611.0694150593547,629.8126035579276,497.6767575981303,11.445662720937603,11.236183310215267
77,NGC2835,PGC26259,139.4703,-22.3546,11.857687481671608,0.8929055202397631,0.9656183448886236,CF4,602.0549205496354,2.0,LEDA,,,2.0,2.434215943744248,-0.0068096005723639,0.4620903590782874,1.0904454657487876,10.65110278949381,0.852256494540903,0.933344361501666,-163.47537541506136,157.7012424565236,167.8851251971562,523.0115792549428,6.764256191265417,6.158191412457086
79,NGC2915,PGC26761,141.5493,-76.6264,4.187935651179182,0.0574606312775713,0.0582599882839476,CF4,188.9964952055664,3.0,LEDA,,,3.0,2.470501338893209,-0.0233417362555442,0.4940359792789031,1.0540706265285884,4.026086303545263,0.0625380449517685,0.0636084124811384,494.0425303680847,70.23859061516761,71.16949755700583,238.5629570299224,7.329624421396687,7.30255075117239
78,NGC2903,PGC27077,143.0421,21.5014,8.953647655495944,0.3635124404419798,0.3788953524739735,CF4,442.0650859129727,2.0,LEDA,,,2.0,2.496555613966981,0.0065497009898019,0.5162743896841079,1.0283013065419393,7.713507278319937,0.3340821535162854,0.3544888529339252,-701.108700790743,580.0732945804567,606.4818107916782,368.1386873097372,6.009100890826346,5.558661034224656
159,UGC05086,PGC27115,143.2034,21.4657,8.27942163712334,0.3361392898805242,0.3503638405463611,CF4,393.8593716230236,34.0,LEDA,,,34.0,2.499370830050448,0.0065388261479155,0.5186830716955916,1.0254864242897412,7.096796185432429,0.3004759647325974,0.320250779818986,-1396.9314579147842,1933.690240101292,2019.5240115492625,328.7316454691318,35.240360060596004,33.828115220556754
143,PGC2806961,PGC2806961,137.2236,14.5829,9.3756200692588,0.4631106879213451,0.4871747870533003,CF4,172.26569695583245,6.0,LEDA,,,6.0,2.3950036314396907,0.0044422053710075,0.4268393452165561,1.129801478023819,8.481355322411481,0.4215255464392076,0.4514027115913706,-9100.344021023844,27995.84184873933,29646.66115880816,149.88872302118423,12.899440197981392,12.857232170649269
144,PGC2807061,PGC2807061,105.1176,-4.2071,6.516283940608428,0.2645570128515695,0.2757523855634183,CF4,110.49003755469128,4.0,LEDA,,,4.0,1.834648221794392,-0.0012815559467846,-0.1189524553883581,1.6900311068946654,7.916655737854507,0.2723391942073707,0.2835733653834538,550.6581417706295,41.2133218386424,42.310618982292006,272.518685369261,11.149319334779648,11.239233839192252
145,PGC2807065,PGC2807065,116.525,-28.4263,5.675446054085469,0.230419525661258,0.2401702876692688,CF4,217.6799985617667,7.0,LEDA,,,7.0,2.0337449108863925,-0.0086591461600829,0.0798495494471392,1.4908616801655896,6.566516696523178,0.2232203972856563,0.2327108990350277,564.9090181066261,50.91544578660076,52.30360452176031,332.54501147098466,12.591607829418024,12.433584051765251
146,PGC2807150,PGC2807150,208.6396,4.2444,2.5468302525850426,0.2873944823640655,0.3239503294396515,CF4,206.5365849826047,3.0,LEDA,,,3.0,3.641447970043961,0.0012929181765427,0.9931013856175508,0.117529237382787,1.2926323341076864,0.3627501811086501,0.3424671581187923,101.82198304394066,180.7799632731157,175.79923095411408,101.98236224202762,8.513421975915918,8.043953010103678
73,KKs54,PGC2815821,200.3829,-31.8864,3.75,0.1,0.1,-10,393.991542422248,11.0,-7,stars,Tr,11.0,3.4973413696945457,-0.0097131528942869,0.999622365831436,0.0274830107115428,0.1099491261933899,0.0077855603489621,0.1216194843656455,-257.140831579401,4759.901702937929,57095.56589340269,-21.118063443856133,69.62007650455412,110.53815684216126
74,KKs55,PGC2815822,200.55,-42.7311,3.85,0.07,0.07,-1,282.3448050687075,14.0,-7,stars,Sph,14.0,3.500257814874628,-0.0130166374266478,0.9997009867936396,0.0244551879580394,0.1126844297362129,0.0202482271827476,0.1100366687436716,-39.884510641596925,1008.5197451060512,4928.020143080041,-6.277439287055509,28.154860334505564,37.99221252849119
75,KKs57,PGC2815823,205.4079,-42.5797,3.84,0.47,0.47,-1,274.8249519203368,17.0,-7,stars,Sph,17.0,3.5850441646072606,-0.0129705183492921,0.9981801696297716,0.0603387537492982,0.2361024570993453,0.0102082350605675,0.4034554890940526,-152.9350457359159,2993.739744517125,45111.703080304935,10.425887280916587,51.787950162427535,43.74635442741479
76,KKs58,PGC2815824,206.5031,-36.3289,3.36,0.1,0.1,-10,255.9270951543958,5.0,-7,stars,dSph,5.0,3.6041590105751022,-0.0110664157816893,0.9968448143654224,0.079458746924615,0.5124025868619806,0.1281773290442904,0.1480283384479321,57.455623946047794,268.7092675287819,305.18387945281955,52.46368726546639,10.584358407323208,9.994309464899407
160,UGC05288,PGC28378,147.8208,7.8283,11.27197456175511,0.6550189897678518,0.6954307513173266,CF4,374.551093721425,12.0,LEDA,,,12.0,2.579959662932034,0.0023846365473162,0.5858744978150586,0.9448375977548344,9.559330747831128,0.6367788621958894,0.6830786424472972,-287.55349656103505,158.92991684357892,166.615136738291,265.0858926154157,18.112577052381823,17.832461998465874
161,UGC05373,PGC28913,150.0001,5.3322,1.3995873225726183,0.0192030579697339,0.0194701991164747,CF4,111.89936479366617,2.0,LEDA,,,2.0,2.617995623320746,0.0016242810057866,0.6162735056750827,0.9067942975074044,3.125215066392193,0.0702089185518128,0.0719252065309237,251.3711723659353,22.98326829719337,23.327376624153025,251.1839739058382,5.680375625975046,5.648006602754805
120,PGC029033,PGC29033,150.4092,-8.2485,9.727472237769655,1.097686760099954,1.2373097236622073,CF4,202.2069340048077,3.0,LEDA,,,3.0,2.625135765290655,-0.0025126367871106,0.6219297565238053,0.8995916901685037,7.946333543681663,1.0219816342031196,1.1828931755849394,-626.5415333009253,583.8151968615376,663.3656385380349,100.97779483463826,17.3335527217464,18.520826491471155
80,NGC3109,PGC29128,150.7786,-26.1595,1.3061708881318403,0.0530297131904253,0.0552737943341083,CF4,109.57324371604147,2.0,LEDA,,,2.0,2.6315830115475225,-0.0079686393929104,0.6270141322397615,0.8930819662344012,3.137511683457248,0.0833107431418267,0.0854885985931526,248.9292927532352,25.83691496264948,26.330882477150944,250.43047005358048,5.993920451374322,5.752402743525607
121,PGC029194,PGC29194,151.0165,-27.332,1.3365955165464416,0.0601567077350992,0.0629918060261767,CF4,65.34599654157512,3.0,LEDA,,,3.0,2.6357351498380166,-0.0083258033176103,0.630245580523053,0.8889268474304389,3.12204876624186,0.0852744108627496,0.0876470572572105,278.8495560606064,29.79947127177908,30.423567185195363,264.90543971602136,7.106816959290484,7.081779875624818
162,UGC05456,PGC29428,151.8324,10.362,10.28016298126473,0.9904991134653685,1.0961098769695674,CF4,375.3594626295077,3.0,LEDA,,,3.0,2.6499752912050387,0.0031564457038298,0.6411143058906683,0.8748469725394059,8.372881303772067,0.9411707951325524,1.0616411813703213,-189.71702949154567,148.32624533211643,163.09780921598562,250.1613506631741,12.553764257787634,12.51169039997734
122,PGC029653,PGC29653,152.7533,-4.6928,1.4125375446227544,0.0510928621568034,0.053010296333156,CF4,94.03202720967798,1.0,LEDA,,,1.0,2.6660480282866543,-0.001429508627575,0.6534226777241798,0.8586992525491483,3.057042102805918,0.0822627712599413,0.0845562723352379,259.10315688292013,27.1601333322454,27.70944731698148,252.30120161425805,5.82764385289542,5.785709745783663
147,PGC3097113,PGC3097113,207.8286,-46.9735,5.597576014951097,0.3009415760345248,0.3180403268036409,CF4,291.28721398120115,5.0,LEDA,,,5.0,3.6272933498102873,-0.0143089463683509,0.9947412736853792,0.1025996279006992,1.8712056435782525,0.3591056760332201,0.3786287191383017,-15.152374787959229,29.262984173632624,30.24891045651796,-4.589591433935701,11.356973907764054,11.658668712204516
148,PGC3097708,PGC3097708,189.3995,-8.8671,9.549925860214357,0.429817466655269,0.4500741397856451,CF4,917.490311350293,5.0,LEDA,,,5.0,3.305644876631,-0.0027010731229907,0.9760581246002676,0.2192625168471514,5.91133781505872,0.4908914625346421,0.5109973929326932,631.6247298751497,190.93989602077545,198.43139111660363,623.7586728560398,10.331182591129732,10.230127397966273
163,UGC05797,PGC31693,159.855,1.7185,10.185913880541165,0.9814181630094492,1.0860606812139295,CF4,507.48760181177454,2.0,LEDA,,,2.0,2.789996075775535,0.0005234850359034,0.7419637076601349,0.7348017128107209,7.8008778722931025,0.951413887353258,1.0700116083451665,149.6976082433481,100.7427023255103,110.7233783284147,332.8282344439565,9.808003587418796,9.287707846365834
37,ESO376-016,PGC31961,160.8636,-37.0439,6.760829753919814,0.3042874635732682,0.3186280899215647,CF4,364.46306419038063,6.0,LEDA,,,6.0,2.8075994666111503,-0.0112842172368368,0.7537453529107839,0.7170534799445828,4.631815063407815,0.2704124319668102,0.2939972736599383,-104.26456705545168,100.04930425414832,104.6153109995742,221.42106139793484,11.855201362084188,10.895039449987934
81,NGC3351,PGC32007,160.9904,11.7035,9.727472237769655,0.1334659226103234,0.1353226185424603,CF4,624.0546821630431,2.0,LEDA,,,2.0,2.809812544102679,0.0035650899724737,0.7550584387036946,0.7150530819395245,7.303153103593767,0.1590222507593175,0.1616996813991607,342.83345319324354,53.830311552247686,54.48249011966569,438.69410437380606,5.374675765816278,5.1622846757464345
82,NGC3368,PGC32192,161.6904,11.8198,10.91440336448757,0.4431178839785694,0.4618694937467449,CF4,739.3049155288525,2.0,LEDA,,,2.0,2.82202984886664,0.0036005169783949,0.7630095767964169,0.7028399230527113,8.389967767848404,0.4597110651397065,0.4812889018888686,480.2383141152197,125.99491969096285,130.9391893851254,542.5102092098546,5.9232268452825565,5.491017672004773
83,NGC3377,PGC32249,161.9265,13.9856,10.185913880541165,0.0933850197743204,0.0942491007235659,CF4,541.8622481604492,11.0,LEDA,,,11.0,2.826150571230598,0.0042602573861689,0.7656558364195949,0.6987360479007221,7.682833459066813,0.1248075829857207,0.1259931703437127,211.9891348615645,43.76844345515768,43.96578431187213,355.06207398954314,14.341958924984851,14.149231431863882
29,ESO318-013,PGC32250,161.9232,-38.8537,6.760829753919814,0.123399049900728,0.1256932095229395,CF4,409.4999110311934,7.0,LEDA,,,7.0,2.8260929753652824,-0.0118355138431668,0.7657700326929239,0.6985584991058343,4.564863778121206,0.1238278619567339,0.129247966398827,30.875269628775616,44.23229810733334,44.53622130671248,253.70741807638484,9.919450506711913,9.30385966304084
84,NGC3379,PGC32256,161.9566,12.5816,11.066237839776658,0.1014558783448134,0.102394638028942,CF4,759.1833558135661,6.0,LEDA,,,6.0,2.8266759153354486,0.0038325745287884,0.766000141205008,0.698200619510636,8.520615497543748,0.1355264805268596,0.1366150414793079,503.9086085420213,54.82582549417198,55.20953445075472,560.1159796401355,9.162368800583296,8.992039519614991
85,NGC3384,PGC32292,162.0705,12.6294,9.204495717531715,0.0843873239726136,0.0851681502676466,CF4,414.5289015306474,6.0,LEDA,,,6.0,2.82866384535347,0.0038471352414542,0.767275958318443,0.6962136098090661,6.750858386589516,0.1122675139818749,0.1136134353858828,28.60507088863067,23.28035409984308,23.31570080069763,239.19033212983985,9.860669318948595,9.698573375439224
86,NGC3621,PGC34554,169.5687,-32.814,6.8233869414167,0.2770252007439451,0.2887481951165949,CF4,438.1185984775583,3.0,LEDA,,,3.0,2.959532123326509,-0.009995716012881,0.8445132483917248,0.5651407199177014,4.153981064559986,0.2702464339481403,0.2894596206270785,138.3971964510872,81.35366999538287,85.23153500578267,237.697659089888,8.125664232660455,7.265969967852783
87,NGC3627,PGC34695,170.0625,12.991,11.015393095414156,0.4957743571819328,0.5191394827967795,CF4,584.4903960939342,2.0,LEDA,,,2.0,2.9681505591728565,0.0039572849004491,0.8489611519975534,0.5567799683630731,8.053060811101389,0.526868027152342,0.552487577205218,277.899722190858,77.61300433399454,80.75518546723073,355.96565078991824,7.359875818609169,7.169517651058641
30,ESO320-014,PGC36014,174.4716,-39.2206,5.861381645140288,0.1069822717687163,0.1089712206980788,CF4,362.1827864744439,4.0,LEDA,,,4.0,3.0451038712225387,-0.0119472779744865,0.8871958587821537,0.4795646835916393,3.051412286443869,0.1177141163380652,0.1237665042529401,37.02441916357457,32.6153532018724,33.16224434287473,156.04686812957047,8.572657734190102,7.9431640989662355
38,ESO379-007,PGC37369,178.6798,-33.5588,5.321082592667939,0.1687961468503775,0.1743261459083047,CF4,364.5552165369644,3.0,LEDA,,,3.0,3.118550816804964,-0.0102225950671381,0.9186555193182212,0.4061326576892227,2.373165699461097,0.1572721495183482,0.1731634614422672,66.20002603434085,65.52296035335986,69.39742562905693,141.83047891045564,8.235213071400665,6.902595479791728
53,ESO572-034,PGC37727,179.742,-19.0299,10.28016298126473,0.3718435323370528,0.3857982310378318,CF4,871.5065883944192,4.0,LEDA,,,4.0,3.1370897041196475,-0.005796839036799,0.9257990409316084,0.3876523993097587,6.923834541158199,0.4210486213137532,0.4356351194538099,607.3424003432259,140.51117474387434,144.98722686150148,600.9254669875146,8.545397453495298,8.484886341937113
39,ESO379-024,PGC38252,181.2362,-35.7431,5.345643593969718,0.2405935942156567,0.2519324209813893,CF4,355.49713053756994,6.0,LEDA,,,6.0,3.163168413802947,-0.0108879708971783,0.9353623733408164,0.3615140981716776,2.246463846547477,0.2210120090632066,0.2483097031163246,52.476276166130525,70.43483520377202,75.56770415784663,121.1286721562554,12.46329604587595,10.663952449362084
31,ESO321-014,PGC39032,183.4571,-38.231,3.2508729738543423,0.1463133857259904,0.1532089231556668,CF4,334.83817945052454,3.0,LEDA,,,3.0,3.201930431160489,-0.0116458285758656,0.9483663767849484,0.3227512455278001,1.248459853631519,0.0629948335865477,0.0944255214322433,-23.71364521516784,33.23436778154854,39.32460231637049,80.174586113469,16.271534057587424,13.5535332640101
57,IC3104,PGC39573,184.692,-79.7259,2.301441817408507,0.0210997454080899,0.0212949789485978,CF4,170.2163054273379,4.0,LEDA,,,4.0,3.223483502093367,-0.0242858979481731,0.9549197986575234,0.3014068250349994,1.7298657093197296,0.0791851043977565,0.0812064445701297,154.16996353833335,45.22861271314716,46.04976779245598,150.07874609433233,8.128193017520317,8.249185321375649
55,HIPASSJ1247-77,PGC3994669,191.8908,-77.5826,3.388441561392023,0.2551558370764417,0.2759341850863102,CF4,153.80087704155716,4.0,LEDA,,,4.0,3.349126264285935,-0.0236330114323442,0.9845669217615228,0.1759144057494868,0.7448854907790989,0.0942286927602591,0.2023786763390305,252.41552530118787,699.3134629479227,1290.5976373816045,113.86763317767527,62.45237469973908,33.446313969829845
88,NGC4298,PGC39950,185.3867,14.6061,14.521116175877411,1.27770082393077,1.4009710946342704,CF4,1029.6399299357238,5.0,LEDA,,,5.0,3.235608304406972,0.0044492724951466,0.9583653098744662,0.2895750307791923,10.945406542410833,1.3354038440164846,1.4591901663257438,737.5651107935292,262.43292252831435,285.7067438174424,743.095186893374,10.213346925214296,10.016164459442052
123,PGC040045,PGC40045,185.5317,15.7992,9.078205301781855,1.0244208897911982,1.1547246210256912,CF4,1205.550487550194,2.0,LEDA,,,2.0,3.238139031822364,0.0048127115386941,0.959077569799312,0.2870701106265108,5.550799346054442,1.0616185814316124,1.1990713534570991,961.320992198124,680.6000813395885,765.7223183914186,913.2447488384043,12.486045232583251,9.64155264387648
89,NGC4328,PGC40209,185.8333,15.8205,14.521116175877411,1.5194203955445076,1.6969847977118668,CF4,386.3495026105897,10.0,LEDA,,,10.0,3.2434029448463786,0.0048191998897356,0.9605519291021476,0.2818162262342991,10.93441532495428,1.5762094031784404,1.754748373633639,72.0215105890802,45.05882959589553,48.32933390950588,101.8793837424388,16.10691546986429,16.244207314660827
164,UGC07512,PGC40563,186.4212,2.1593,11.587773561551264,0.4191410837456395,0.4348707846228556,CF4,1352.9823866604595,2.0,LEDA,,,2.0,3.253663735518853,0.0006577603945454,0.9634116701798104,0.2713435104815356,8.004024903308903,0.4802279693121001,0.4954718081754841,1084.2562571609649,209.263169478096,215.8645659419628,1061.714419033598,7.531939297092094,7.413045064238531
90,NGC4413,PGC40705,186.6342,12.6106,14.723125024327189,0.2687273168679063,0.273723330696539,CF4,-10.63572754312996,4.0,LEDA,,,4.0,3.2573812868256007,0.0038414084339622,0.9643541970612064,0.267804442975268,11.116447801434632,0.3334747062509713,0.3374619088965893,-335.7294089978515,37.82529399570137,38.23011761169981,-295.4789015966932,9.46979271343048,9.484375882001132
0,6dFJ0956376-092911,PGC4078671,149.1567,-9.4863,9.162204901219992,0.4525690016591888,0.4760853350197056,CF4,372.585703880873,41.0,LEDA,,,41.0,2.6032755164094263,-0.0028896922293226,0.6046700433969998,0.921444795124917,7.505120900036174,0.4264343096112464,0.4562956237943485,-337.7056487091698,297.18448656698206,307.3194283674611,270.1171945076225,44.36408724125678,42.99957706013265
92,NGC4455,PGC41066,187.1837,22.8215,6.456542290346557,0.2621315395787409,0.2732242724966216,CF4,586.8174603145833,3.0,LEDA,,,3.0,3.266971871065309,0.0069518264456623,0.9667884780078077,0.2584453593681002,2.958198982201484,0.3032030613100018,0.3180645135513433,317.0624174932332,184.35509636028928,192.4125970707496,302.0642925172697,8.474544561836524,8.074095181282132
124,PGC041395,PGC41395,187.7652,1.6758,9.204495717531715,0.5747102398620143,0.6129837126681341,CF4,954.300795500947,4.0,LEDA,,,4.0,3.277120960665657,0.0005104778720785,0.9694277696989686,0.247908409625455,5.610828266059358,0.6297036143047725,0.6691360766958283,678.3311115341531,281.1928511042164,298.0599182658213,662.6761954750973,9.865312780044178,9.50020910636522
91,NGC4437,PGC41618,188.1895,0.1146,8.165823713585919,0.4390178626289032,0.4639617640837823,CF4,971.9534132923036,2.0,LEDA,,,2.0,3.284526392681869,3.49091563075568e-05,0.9712217955834878,0.2404882717826082,4.577620763527309,0.4924988332733839,0.5188811132321112,706.7675870833177,307.5990239291964,323.4683124252084,677.5404926465872,8.783943460378737,8.159920761273838
125,PGC042120,PGC42120,189.3085,-10.4979,9.594006315159332,0.3043424473599696,0.314313133768346,CF4,562.4539150109454,8.0,LEDA,,,8.0,3.3040566270116853,-0.0031978432111788,0.9757164546837668,0.2208278448199859,5.95707559149315,0.3668650719805706,0.3763068256672239,261.422786231424,69.21464479469064,70.70852891632397,272.3506314221282,13.29675833602073,13.229268039053068
93,NGC4592,PGC42336,189.8281,-0.532,8.669618757582173,0.3519810465554585,0.3668759796408452,CF4,913.540450785043,2.0,LEDA,,,2.0,3.313125357805048,-0.0001620564673265,0.9776286017922096,0.2119212715922554,5.030872763121573,0.4124562261514022,0.4273135575885893,631.8967645087251,199.03063109737377,206.04686802109185,618.5241648307102,7.630092684236388,7.455882421388878
94,NGC4594,PGC42407,189.9976,-11.623,9.120108393559102,0.3298832252502475,0.3422632200988236,CF4,891.2959455963941,5.0,LEDA,,,5.0,3.3160836908871785,-0.0035405682701809,0.9782809618489758,0.2087971079041157,5.472028716303934,0.392048932394351,0.4040532890508261,605.0103594579773,164.37047999701784,169.2336588676193,596.6274706353151,10.321550668703708,10.246196973008182
95,NGC4600,PGC42447,190.0958,3.1177,9.078205301781855,0.2879801334730167,0.297414767476944,CF4,713.2988929334658,30.0,LEDA,,,30.0,3.3177976042126365,0.000949705729669,0.9785849445610634,0.2073254883377914,5.428637615212679,0.3506872035347452,0.3596230350588616,419.4805491309416,133.22643857756418,135.80861404508622,420.3173505738022,34.84390392144553,34.737995101990805
40,ESO381-018,PGC42936,191.1772,-35.9666,5.321082592667939,0.1211226273327836,0.1239439357562721,CF4,362.7240705102898,8.0,LEDA,,,8.0,3.336671594743704,-0.0109560528905006,0.9823753568783208,0.1880247811860814,1.750411018525878,0.1662216302646693,0.1723256647678162,63.37753562229521,62.006488920229714,63.568127380651,81.43989591701038,13.311067477463538,12.69681358144247
41,ESO381-020,PGC43048,191.5017,-33.8381,5.345643593969718,0.1216817039785205,0.1245160349700009,CF4,335.3851605115155,3.0,LEDA,,,3.0,3.342335188166425,-0.0103076747124846,0.9834169375304358,0.1823683044290618,1.760968765133092,0.1684959936805206,0.1743085584985964,30.71879851984395,31.982337085173302,32.69122804723988,54.89474704215871,9.110094583055975,8.907670807901376
126,PGC043072,PGC43072,191.5638,10.2055,9.418895965228415,0.9075155832046456,1.0042783287046235,CF4,1031.9282546517231,2.0,LEDA,,,2.0,3.343419037631913,0.0031087730776332,0.98349542855335,0.181935001994507,5.735548392427463,0.966500932493501,1.0645495534129976,744.3333366396972,437.2686887582427,480.6992878258287,734.096696452653,8.213480566882254,7.662948132267161
154,SDSSJ124936.90+215505.7,PGC4343356,192.4035,21.9178,6.338697112569274,0.2852883650301372,0.2987335914498237,CF4,491.0819518190804,4.0,LEDA,,,4.0,3.35807456736091,0.0066765436834011,0.9859707208807176,0.1677033442911344,2.6804990889002296,0.3400115856402741,0.3554020082140079,195.92184573843392,139.28005078203577,145.02114895581514,197.75194048923368,9.145518638859784,8.815458256016882
127,PGC043851,PGC43851,193.4868,-12.1059,8.953647655495944,0.5590477903019657,0.5962782047184252,CF4,634.8316892688551,2.0,LEDA,,,2.0,3.376981719147764,-0.0036876680221959,0.9890726796133502,0.1479681022179344,5.237945067238722,0.62336082967275,0.6603393118098815,334.5122666268928,147.92854906467974,156.33365768389055,336.8537938667922,7.351596497301102,7.251768260899553
46,ESO443-009,PGC43978,193.7232,-28.3408,5.834451042737443,0.2881939131583388,0.3031690089104923,CF4,407.5512652825407,4.0,LEDA,,,4.0,3.381107677499479,-0.0086331013706911,0.9897021518793194,0.1436354489424872,2.155789151042068,0.3411108509673013,0.3592738206127732,107.57572718991833,111.17761537812116,116.4097006032637,114.03090108583874,9.65665617023464,9.302162132688297
128,PGC044055,PGC44055,193.9185,19.2092,4.720630412635907,0.149748516487155,0.1546544883979592,CF4,362.2979751987631,4.0,LEDA,,,4.0,3.384516305528624,0.0058514569401668,0.9900259766272348,0.1413552107565099,1.108338777066873,0.1805169579540013,0.1960232412665923,68.1352394424025,134.25078047474906,143.81904433880243,74.23021852245978,9.23594115004957,7.848083790556572
96,NGC4826,PGC44182,194.1825,21.682,4.30526610491711,0.0590704654539804,0.0598922174845553,CF4,363.5384530831522,4.0,LEDA,,,4.0,3.3891239747538893,0.0066047148958154,0.9906453210105338,0.1368890096820786,0.7574377649879611,0.0809402995788222,0.0926893228270225,88.65900427309538,198.01283170108232,221.5646947416903,73.79837592841595,7.705630651107995,7.9205637276524925
165,UGC08091,PGC44491,194.6678,14.2173,2.137962089502231,0.1056050785660098,0.1110925163335481,CF4,138.35590541530493,2.0,LEDA,,,2.0,3.397594057613817,0.0043308372423335,0.9917948110136128,0.1281907520650986,1.68876698070328,0.1740403238568393,0.171129891762426,169.18895557119868,86.90084124451397,86.55027553304238,167.61990591267582,7.501029583819672,7.4081381953977825
129,PGC044681,PGC44681,194.9857,-19.4114,7.112135136533295,0.2887481951165949,0.3009672764758857,CF4,619.1440888098103,2.0,LEDA,,,2.0,3.4031424593059074,-0.0059130505824477,0.9926007591974484,0.1217241442276243,3.384613383765811,0.3536192741052715,0.3654787683393077,321.0086629564428,153.64933343068884,158.69305480718228,319.29243166699644,7.311420128945485,7.251377176281778
130,PGC044982,PGC44982,195.5598,-17.2378,5.623413251903491,0.1783867234792797,0.1842309233096299,CF4,549.4505821792959,2.0,LEDA,,,2.0,3.4131623945416067,-0.0052509341587993,0.9937613776446262,0.111759741440476,1.907460712537523,0.2392855677322132,0.2458849352616023,256.0814741086475,209.99826326704843,215.6175875904885,248.5456123308659,7.912860517163324,7.604707161056439
131,PGC045084,PGC45084,195.8199,-17.4229,5.888436553555893,0.2390668054328637,0.2491834980920524,CF4,546.5745310070763,2.0,LEDA,,,2.0,3.417701995926044,-0.0053073188432018,0.9942567958112044,0.1072260231735898,2.161595963465116,0.3010388148168135,0.3117989872276578,250.12171910267065,207.2253920616752,214.4033384536024,245.91633997236733,7.655673258028344,7.424656688073696
19,ESO269-037,PGC45104,195.8883,-46.5869,3.07609681474071,0.0975803853115189,0.1007772559090631,CF4,481.4448467815048,6.0,LEDA,,,6.0,3.418895801134408,-0.0141911812738614,0.994406686246552,0.1058162155608837,0.7972362216770923,0.1455354870813654,0.1518991081826545,-191.1673575761972,384.1843523141994,399.70507208258925,-138.69638946549884,19.630817979053347,24.604313914788165
56,HIPASSJ1348-37,PGC4614882,207.1396,-37.9681,5.520774392807576,0.1751307988378583,0.1808683299999023,CF4,359.0333691434523,6.0,LEDA,,,6.0,3.6152680312640464,-0.0115657446562037,0.9959022294552496,0.0905601703567135,1.7825779861871618,0.2385456605835978,0.2445874862658239,55.60882257386071,60.1003487305856,61.350483097910384,60.3407234862276,11.5550233325309,11.459884947276784
100,NGC5068,PGC46400,199.7295,-21.0392,5.035006087879052,0.2044180674813205,0.2130685146186781,CF4,471.2759125948975,2.0,LEDA,,,2.0,3.4859373883620144,-0.0064089068183765,0.9992313953423074,0.0392097726780228,1.2597709092748175,0.2719184242271182,0.280283077992669,168.81939669004296,302.79982999520143,312.0913648341315,167.5698761474139,7.623014227593387,7.441169173561889
133,PGC046885,PGC46885,201.1501,-30.9719,4.6558609352295885,0.126885136193378,0.1304399879967919,CF4,267.1640070408422,3.0,LEDA,,,3.0,3.510731535715846,-0.0094345802638919,0.999898298040646,0.0142620954478766,0.870999539550143,0.1967247777270441,0.1992045428244221,-37.150369235695365,98.33541416615824,99.57061518375671,-36.64399602954914,8.425216500122517,8.462420077036871
149,PGC4689210,PGC4689210,161.7216,12.7444,9.594006315159332,0.9642208374896306,1.0719548971432469,CF4,491.7149059126178,5.0,LEDA,,,5.0,2.8225743915932617,0.0038821662447297,0.7633570838250738,0.7023021379719673,7.135651935080784,0.9283195004290156,1.0524292765677394,143.60150063285522,109.89660467081826,121.13427408108856,311.1530411113113,13.093181858907371,12.350810868006931
58,IC4247,PGC47073,201.6852,-30.3625,5.05824662003114,0.0923234055277779,0.0940398257864219,CF4,200.07164065693897,8.0,LEDA,,,8.0,3.5200707925432675,-0.0092489464082739,0.9999846224226446,0.0055457401250289,1.2715557376633018,0.1627080500384434,0.1631468391674175,-104.13587440196198,119.30324580903668,119.79916321382652,-104.06071615516508,13.365179289368072,13.366714417847303
26,ESO270-017,PGC47847,203.6951,-45.5473,6.792036326171846,0.1546056221527605,0.1582068497161248,CF4,584.1532218775575,4.0,LEDA,,,4.0,3.5551501651791013,-0.0138745010042511,0.999535396847834,0.0304840657602826,3.009087702690981,0.2247227953720463,0.2270780853172702,280.367010735498,104.03428387786929,105.26361896097976,280.264925412542,9.350093081961576,9.34943473666931
47,ESO444-078,PGC48029,204.1284,-29.2354,5.2966344389165805,0.0726725489253832,0.0736835247859524,CF4,361.5920088935722,2.0,LEDA,,,2.0,3.562712676827993,-0.0089056121144323,0.9992721048282625,0.0381571354824327,1.5193518776682948,0.1420403115982498,0.1419479816637285,57.66188500288716,45.355958564431184,45.42273012071834,58.476520322077306,7.373770374078418,7.359806571375628
106,NGC5236_M83,PGC48082,204.2536,-29.8656,4.7863009232263805,0.087359837174227,0.0889839778074774,CF4,296.30810907553007,2.0,LEDA,,,2.0,3.56489782905149,-0.0090975820123819,0.99918732897502,0.0403182618972103,1.0140103618267542,0.1550864040474987,0.1561418052031933,-8.26271167817079,19.67200159112524,19.77016945389484,-5.69129921744659,7.566977508115328,7.607853066333555
59,IC4316,PGC48368,205.0761,-28.8942,4.24619563946313,0.0775018047597724,0.0789426708869562,CF4,371.1400987060895,3.0,LEDA,,,3.0,3.579253162149143,-0.0088016766508011,0.9985066458618278,0.0546575881408735,0.5088792344998907,0.1281339764919035,0.1367979884627991,74.60947922817351,366.45222231555,389.4125424829445,68.34840951113576,9.79695906763498,8.70777531562743
111,NGC5264,PGC48467,205.4031,-29.9127,4.677351412871984,0.1483756138357739,0.1532366075257467,CF4,269.38290371162884,2.0,LEDA,,,2.0,3.5849603888031645,-0.0091119294928538,0.9981802962184926,0.0603366544721385,0.92591982785243,0.2085128527236701,0.2158690060754382,-37.04696640079884,96.83924850533012,99.91905163588828,-28.66145142840008,8.45707455331144,9.063770128951544
15,ESO215-009,PGC490287,164.375,-48.1839,5.345643593969718,0.073344979741492,0.0743653100465246,CF4,288.7753994138102,2.0,LEDA,,,2.0,2.868884957965679,-0.0146776552932607,0.7925837099525811,0.6557616861262641,3.290484842315167,0.0596061169104515,0.0646031336630841,-550.6751261377364,384.4330394406168,401.9087653947429,164.13384285594086,6.052864712688489,5.491079326663112
44,ESO384-016,PGC49615,209.2559,-35.3329,4.385306977749858,0.0601686673997718,0.0610056969412324,CF4,293.5820954417323,9.0,LEDA,,,9.0,3.6522044342240014,-0.0107630168315817,0.9918827782584252,0.1275008009581446,0.7922539755854296,0.0924811374247224,0.1016750878060197,-18.27244722429989,55.13240574157928,58.26682548730827,17.054051049846564,15.28860193189413,13.992323042829575
112,NGC5398,PGC49923,210.34,-33.0637,12.13388850464978,1.0676506648731046,1.1706556751311332,CF4,1016.1780893951212,3.0,LEDA,,,3.0,3.6711255486448726,-0.0100717789826017,0.9892984321321228,0.1464288891263679,8.40567169680815,1.133683632854523,1.236140630763403,717.212931614202,292.6337711668173,318.44020187001365,716.6246045246816,8.298102166338026,8.244626833214738
113,NGC5408,PGC50073,210.8383,-41.3766,5.199959965335156,0.1649538774561119,0.1703579983673684,CF4,286.4530212783943,3.0,LEDA,,,3.0,3.6798225243075606,-0.0126040331315467,0.9879950953082464,0.1551064247974525,1.5714554332532524,0.2101300621558304,0.2202544283652661,-24.625659315867463,35.67537056699527,36.84450158827292,4.431183547867307,10.2920443194439,10.580407597887078
4,AGC205315,PGC5057800,162.4683,12.5392,10.0,0.4939520634371828,0.5196187382322233,CF4,630.5210466907047,8.0,LEDA,,,8.0,2.835606765117903,0.0038196587501894,0.7717091690849406,0.6892720637852744,7.476143742303097,0.5011988494547088,0.5314569172930748,346.96902685558484,129.78229625003297,135.7548940180069,437.00319034300026,12.3348048254054,11.693671557110063
2,AGC174585,PGC5060050,114.0429,9.9864,7.550922276654341,0.3729793639407202,0.3923600705884746,CF4,216.9121262104047,8.0,LEDA,,,8.0,1.9904240935226407,0.0030420314009579,0.0364676139246909,1.534320625062334,8.322958878816591,0.3606435292175831,0.379919028216074,702.2048213933357,65.1393925330647,67.41906119963161,321.5291270060332,14.413200248915302,14.43590948881382
3,AGC174605,PGC5060076,117.5904,7.7944,9.3756200692588,0.1711243517270837,0.1743057909555556,CF4,195.56997073552807,8.0,LEDA,,,8.0,2.05233964873714,0.0023743100167855,0.0982358465453682,1.4724017895483426,9.760499800484176,0.1781533787192177,0.1814654973356511,970.5226584689811,79.13606251402125,80.21817048105919,269.71800165135465,11.84943350712092,11.938278772174954
6,ALFAZOAJ1952+1428,PGC5060431,298.0491,14.4733,8.203515443298183,0.5122110404320894,0.5463223089761797,CF4,520.8113117871994,6.0,LEDA,,,6.0,5.201938127605832,0.0044088193017989,-0.1062817345664068,1.6772791749932707,9.393719248788342,0.5023584097206868,0.5366883374832696,724.9369741592851,70.09014074197863,73.50359923292108,627.9953126026797,9.905767308358122,9.586830798722076
1,AF7448_001,PGC5067080,344.8981,16.7654,7.798301105232589,0.6533378444774582,0.7130792767911824,CF4,619.7884329127609,6.0,LEDA,,,6.0,6.019607428872654,0.005107032889692,-0.7980749065972276,2.4948898840704823,11.058529754348148,0.7013230989993708,0.7620602379713421,882.4427502923696,119.2320461896138,128.39490429119934,881.8036072099227,10.827015205442194,10.726144528814077
9,DDO187,PGC50961,213.9854,23.0556,2.249054606,0.041049873,0.041813047,CF4,171.6896690498379,2.0,LEDA,,,2.0,3.734749781197074,0.0070231373836344,0.9778370291205392,0.2109280654927989,1.65606814067007,0.1024827743862459,0.103998923266098,142.16235111290197,50.58378848025447,51.25639811534745,140.8897894770452,6.984564880575277,7.009768292273122
7,ANTLIAB,PGC5098252,147.2337,-25.99,1.3931568029453023,0.0627023849672128,0.0656574573300463,CF4,82.16399874981988,6.0,LEDA,,,6.0,2.569712834893575,-0.0079170067402565,0.5776512572153193,0.954947936518196,3.1916375085898,0.0796865876375503,0.0825277886991533,274.74932040478416,29.714223057991266,30.366491953955755,263.76547231776215,7.202643652884092,7.366043832903756
134,PGC051659,PGC51659,217.0149,-46.3052,3.5318316979195674,0.3549576272697998,0.3946176560764289,CF4,177.05685608498544,2.0,LEDA,,,2.0,3.787624530886242,-0.0141053705467074,0.9656395193858442,0.2629033188941502,0.9920678463263756,0.0258639461655751,0.1503689880887531,351.04446312642284,578.2956157642717,1457.5332961863753,93.1188634484178,57.869746493816265,36.86797286114043
114,NGC5643,PGC51969,218.1696,-44.1745,12.13388850464978,0.5993559264388448,0.6304995834636671,CF4,981.322461657002,14.0,LEDA,,,14.0,3.807777847759021,-0.0134563222103679,0.9602074631243098,0.283052225883437,8.563222659525353,0.6587798301746464,0.6897598557318592,694.8185053514118,182.36367897122585,190.0540173879725,694.4626879970652,18.89331451276894,18.830546831950187
16,ESO222-010,PGC52125,218.7626,-49.4217,3.07609681474071,0.1248875880743223,0.130172509764757,CF4,404.30037235400897,4.0,LEDA,,,4.0,3.818127650223347,-0.0150547107354727,0.9572636349044285,0.2934085275370763,1.22512855529842,0.0935334535984115,0.1143046903547302,-120.49725323769164,113.88085775952244,131.1157404779619,27.956786697946164,23.63289648675736,24.70323539132952
27,ESO272-025,PGC52591,220.8561,-44.7051,3.8194427084004654,0.1550669619221332,0.1616289971345059,CF4,427.0300864543019,3.0,LEDA,,,3.0,3.854666118113848,-0.0136179522133067,0.9460629408321236,0.3299364306173707,1.249536578473053,0.0360858251281026,0.0434685112621844,-718.9291066529707,1839.091796568067,2051.3326756288584,123.15137491656029,24.639977459019747,20.13585730694544
17,ESO223-009,PGC53639,225.2858,-48.2918,6.165950018614819,0.0565297695590993,0.0570528330767734,CF4,389.13703775550346,2.0,LEDA,,,2.0,3.931978967989441,-0.0147105235128557,0.9182159007574604,0.4072440125390266,3.0788122779689275,0.0910827783909367,0.0929977232247605,87.25728961011983,30.46199631440362,30.81769790894005,154.61395764249832,6.544420619898432,6.245641526562622
28,ESO274-001,PGC54392,228.5559,-46.8091,2.7289777828080406,0.098709790912657,0.1024142129913361,CF4,336.7381227481352,3.0,LEDA,,,3.0,3.989052979858908,-0.014258867264538,0.8941303114490093,0.4643110118031616,1.8186402590285164,0.0823861079288594,0.0928991066997728,4.1741666654755685,12.221517517693982,12.347325083659875,103.61681741466278,13.772504304943835,13.126904663768954
13,ESO137-018,PGC57888,245.2464,-60.4876,5.72796030985829,0.2071859170507135,0.21496127629743,CF4,421.1910299748804,5.0,LEDA,,,5.0,4.280357158663021,-0.0184255766410905,0.7278720223916235,0.7555828158911112,3.946298224186049,0.1572061949726508,0.1739315636293952,24.712880010624914,127.60169016214552,130.23037489577467,287.68964788646366,6.399830079086087,4.775239232719173
5,AGC229385,PGC5809449,188.0429,20.4233,10.616955571987242,0.9341770093747516,1.0243047221176609,CF4,1282.311904148924,4.0,LEDA,,,4.0,3.281967739998445,0.0062212929495298,0.9705151708248734,0.2434373506539379,7.001447050841898,0.9899394018154002,1.0814723751334183,1010.224842427892,470.02279164412914,512.337143840942,988.2354440441894,10.563310817652564,9.911459731157152
150,PGC592761,PGC592761,204.3561,-39.8887,4.965923214503362,0.2452928018674551,0.2580386754878354,CF4,257.1678840073249,3.0,LEDA,,,3.0,3.566686791534784,-0.012150792872646,0.9991189880713016,0.0419795503255809,1.1929704134755266,0.3112941163300327,0.3245201115029223,-47.97551803110887,114.5593727318909,119.09341341632474,-44.62596693798943,8.844868415270248,9.193166876969606
60,IC4662,PGC60849,266.7892,-64.6391,2.4888573182823914,0.0228179810480511,0.0230291132271887,CF4,143.0251565214582,3.0,LEDA,,,3.0,4.656349948761656,-0.019690195859335,0.4252984825790392,1.1315046710938876,3.538110132476175,0.0589074710393608,0.0600905180860822,315.56838794762587,27.05426952644104,27.400700959451964,270.0717900569259,5.963215708042981,5.867904861626244
61,IC4710,PGC61922,277.1581,-66.9822,7.211074791828994,0.1965218076292805,0.2020276211801732,CF4,580.0755373737172,4.0,LEDA,,,4.0,4.837321393571695,-0.0204039449356372,0.2554990411056158,1.312432485512979,7.23782826421701,0.1880211386517389,0.1932717338050436,580.553714214875,103.0475387216592,105.07052174613858,582.1068288922504,5.135423579588064,4.896738700530477
11,ESO104-022,PGC62572,283.9215,-64.8114,8.749837752274363,0.2384573702505914,0.2451380630259887,CF4,653.1521628997509,4.0,LEDA,,,4.0,4.95536499220108,-0.0197426814407642,0.1398824442221704,1.430453636129801,9.034956852594975,0.2365020330012672,0.2430685432270376,750.2107293189267,89.26100753340077,90.97677557246216,680.5332065804638,5.582983297584292,5.491870116877294
115,NGC6744,PGC62836,287.4413,-63.8577,9.162204901219992,0.4123671489456413,0.4318014139393398,CF4,716.9197499807566,16.0,LEDA,,,16.0,5.016797091212777,-0.0194521678075137,0.0788407223535798,1.491873697988108,9.634094525826528,0.4008810252151438,0.4201913766281162,778.5591820570513,94.30768079043862,97.3196654326208,756.3447543374776,16.831459860764653,16.45083786430257
12,ESO104-044,PGC62869,287.8461,-64.219,9.506047936562815,0.7562101842884541,0.8215661210511573,CF4,639.7233196767561,8.0,LEDA,,,8.0,5.02386218402485,-0.0195622260812826,0.0717986608726672,1.4989358347935062,9.9767939542667,0.7188034161616788,0.7850919372479499,829.9460103182632,138.15801540533698,147.69526677908615,686.7533080256442,11.06552628624297,10.428877373345358
54,ESO594-004,PGC63287,292.4959,-17.679,1.056817509213659,0.0382261211595407,0.0396606869295257,CF4,20.961319136108045,3.0,LEDA,,,3.0,5.105016503584082,-0.0053853313644092,-0.0094485995694427,1.5802450669589034,3.941227463358053,0.0771561826278928,0.0788808850152764,315.94644435188764,17.561086596283957,17.807424884846284,298.8516544852864,6.942843977216114,6.79995398760866
62,IC4870,PGC63432,294.4065,-65.8119,8.317637711026714,0.1893325493857194,0.1937426709970573,CF4,739.3521393973028,3.0,LEDA,,,3.0,5.138362764272686,-0.0200474511692608,-0.0425906167798441,1.6133998303805148,9.284769212184113,0.2037218782672223,0.2083486984928999,752.5894070445744,42.84615994276299,43.48890704719859,810.8516598229132,5.724831567286515,5.419445688327073
48,ESO461-036,PGC64054,300.9889,-31.6816,6.886522963442766,0.2795884833668012,0.2914199492708551,CF4,474.9728374464815,6.0,LEDA,,,6.0,5.25324731695596,-0.0096507672467145,-0.1569553608165177,1.728403370334781,8.363693781188093,0.2900212405815736,0.3019530527993534,650.7191660495279,48.49973224348126,49.84811814206941,601.8761044336,9.349405689658738,9.15256516467764
63,IC4951,PGC64181,302.3822,-61.8506,8.994975815300352,0.561628237657601,0.5990304998589799,CF4,701.1600588517907,3.0,LEDA,,,3.0,5.277564989423998,-0.0188407701842597,-0.1807826666884394,1.752578498612153,10.371425765442906,0.5592082051316112,0.5969202956381867,825.6751661014717,81.86015341895856,86.08987011960356,813.1454910157137,5.957752841585602,5.673445672822822
64,IC5052,PGC65603,313.0212,-69.2014,5.370317963702524,0.1463560737113267,0.1504564291050423,CF4,445.1229485379823,3.0,LEDA,,,3.0,5.463250568543675,-0.0210799519136279,-0.3591504401393441,1.938153765572556,7.601918629698207,0.1815224919815099,0.1861886527943834,617.1859089866955,36.440392383150304,37.117034263220766,622.7955441620542,6.887204957241124,6.700486316985689
116,NGC7090,PGC67045,324.1205,-54.5576,9.289663867799362,0.2531691305763441,0.2602619924149927,CF4,784.8149652267527,4.0,LEDA,,,4.0,5.6569698982102805,-0.0166191953417553,-0.5321123060271726,2.131889770584216,11.750627547832265,0.2949018087293584,0.3027267730405185,971.5241920943072,57.14662223027024,58.3566224388125,981.0222185757904,8.010657531310017,7.863128423797661
151,PGC677373,PGC677373,204.2511,-33.3625,4.446312674691084,0.2967722483474544,0.3179971933630661,CF4,370.71630514606767,4.0,LEDA,,,4.0,3.5648541958201903,-0.010162798667634,0.9991919296193734,0.040203960842365,0.6797114459061333,0.3461718737204755,0.3803978584820604,68.65306346827322,486.7498355509831,532.4858695694764,67.82481506000256,11.195510146548898,9.255311490747404
65,IC5152,PGC67908,330.6723,-51.2966,1.914255925021086,0.0349391082178167,0.0355886747369587,CF4,74.95786533311275,2.0,LEDA,,,2.0,5.771320380142446,-0.0156258379358308,-0.625221266177992,2.246211339462425,5.202863620717165,0.0949766004281178,0.0967423472660389,366.4777796820831,20.28102037371952,20.5297722926384,353.0590383364634,7.134731140298129,7.11500057728631
152,PGC683190,PGC683190,173.2957,-32.9624,5.470159628939719,0.1490770362717697,0.1532536229637724,CF4,419.00085156396,9.0,LEDA,,,9.0,3.0245805445483374,-0.0100409212379774,0.8775360852412382,0.5000969337728465,2.811936057509719,0.1342991958169865,0.1464464627467001,176.23307882988712,142.89050585912054,150.20287728741147,210.30256137097248,10.435747375344562,8.815935113388377
18,ESO238-005,PGC68672,335.627,-48.404,7.834296427662114,0.1783303585495561,0.1824842062146761,CF4,671.0847259727723,3.0,LEDA,,,3.0,5.857796208591009,-0.0147447015873558,-0.6902749390304371,2.332665298408262,10.801618518045633,0.2313425518904246,0.2364623591603809,901.5253732156608,46.88555416672098,47.7200159498332,908.0631797129583,7.5884469170251805,7.503007137646364
155,Tucana,PGC69519,340.458,-64.4206,0.899497,0.0164176811,0.0167229086,CF4,72.71737359679341,4.0,LEDA,,,4.0,5.942113064754855,-0.0196236369531116,-0.748598209759344,2.4167416368804493,4.499979512964583,0.0821480024074974,0.0836752478152993,361.80675170923007,21.638469931027927,21.88405706932417,361.8415607327352,8.640485759624198,8.636389607621311
153,PGC704814,PGC704814,359.6696,-31.4676,3.58096437102636,0.1295269776677949,0.1343879199453623,CF4,298.6776201374474,89.0,LEDA,,,89.0,6.277418739330997,-0.0095855791188802,-0.925104616786201,2.752107344298304,7.228725333930503,0.1948261883482942,0.200876147339243,591.0374329348414,120.94814516727268,121.9241596544186,591.4580969774202,92.57212564221766,92.5785012865473
45,ESO407-018,PGC71431,351.616,-32.3886,2.1677041048196948,0.0784079739656538,0.0813505010160842,CF4,98.75639937518632,3.0,LEDA,,,3.0,6.136856902692381,-0.0098661317625037,-0.8628614108040317,2.6117001544615137,5.76246971270913,0.1418136279382338,0.1458814549652656,396.6274563914249,27.447246177838352,27.99534614591245,391.7795602146605,8.275234336407323,8.25410458221154
36,ESO347-017,PGC71464,351.7344,-37.3469,8.241381150130017,0.2980988028872016,0.3092859787168009,CF4,701.5918119974459,3.0,LEDA,,,3.0,6.138923372526743,-0.0113765163150322,-0.8638706764171152,2.613700374502569,11.66974898604275,0.3586748963900916,0.3709655792633306,973.9729835354652,67.61459012468917,69.61821333206159,976.4377030021265,8.040063383082611,7.9820237449411024
66,IC5332,PGC71775,353.6145,-36.1016,8.790225168308838,0.3956253031148744,0.4142705492228771,CF4,719.5419162012231,3.0,LEDA,,,3.0,6.171737307793489,-0.0109971762421718,-0.8799227968303317,2.64649600972122,12.255219645866626,0.4562830344773925,0.4760383545146975,996.9991846399242,81.73516498860474,84.87322792458272,997.7165384827384,8.0532277800678,8.006825862703181
49,ESO471-006,PGC72228,355.9379,-31.9593,4.265795188015924,0.1542979769707004,0.1600885356103356,CF4,301.5033746976255,9.0,LEDA,,,9.0,6.212288287634325,-0.0097353595041893,-0.8984659820619576,2.687059250305184,7.846391151429573,0.2179121013457958,0.2248546347511553,592.1865303547684,46.44003995738251,47.46824298892915,590.0437961770003,14.071707165973862,14.040002649835287
14,ESO149-003,PGC72675,358.0122,-52.5774,6.854882264526615,0.1560361703613528,0.1596707196730991,CF4,513.0813795328969,5.0,LEDA,,,5.0,6.248491652308443,-0.0160159919270936,-0.913598390147622,2.7228437916409294,10.428913027258798,0.2209433843036237,0.2257787071704911,802.1083670583123,44.19194135969688,44.931450115367696,800.5715583045737,10.135901451090833,10.12880918538417
117,NGC7793,PGC73049,359.4573,-32.591,3.7670379898390873,0.1026622433607542,0.1055384593770805,CF4,251.3447350500452,3.0,LEDA,,,3.0,6.273713405329013,-0.0099277863282686,-0.92368626725199,2.748388852909136,7.408442192081291,0.1684796387398712,0.1725670386056448,546.8207931541915,33.063947163578696,33.66228586094225,544.8275640798729,8.248761701995704,8.241487564153203
135,PGC083339,PGC83339,161.7369,12.9992,9.418895965228415,0.5473358448487993,0.5811040347715828,CF4,684.943862469527,4.0,LEDA,,,4.0,2.8228414269688167,0.0039597827632913,0.7635283190465463,0.7020370168957982,6.970535565156422,0.5419421566197773,0.5825571665436007,447.9486586211492,193.60681847662505,205.5843783388356,492.8348702545449,7.752992068285039,6.726747633235732
136,PGC086635,PGC86635,187.0206,22.2908,6.165950018614819,0.2503336768600803,0.2609271545553753,CF4,543.8845760031791,1.0,LEDA,,,1.0,3.264125239055307,0.0067901659809815,0.9660621208619864,0.2612722674968865,2.6915922678257207,0.2863224353111397,0.3018949530384072,274.4566137639842,178.28978536394416,186.8775322122505,261.4877208176107,6.421804312044799,5.93952397004432
137,PGC086644,PGC86644,192.9423,21.7357,5.834451042737443,0.2110377908339522,0.2189577048016833,CF4,534.5922765158924,4.0,LEDA,,,4.0,3.367478401370655,0.0066210728512579,0.9874877101997828,0.1583570024540367,2.178366666376148,0.2647760016971954,0.2748565828948779,246.82041259478888,190.0388899598964,196.7005179793828,238.3960293784301,9.619745163026408,9.32148037170424
138,PGC086668,PGC86668,135.725,20.0747,8.629785477669701,0.2737552953572226,0.2827239036677529,CF4,366.4228116062054,3.0,LEDA,,,3.0,2.368848127269304,0.0061151033169922,0.4030219044691394,1.1559799309092669,7.903935902264302,0.2485669884529793,0.2570233106888482,4004.1019051095263,5455.374438401244,5619.624836640183,341.2073641870139,6.295477070168317,6.459831003107411
139,PGC086669,PGC86669,139.8764,21.6036,9.078205301781855,0.4880700867279053,0.5158010133774766,CF4,385.3390495026796,6.0,LEDA,,,6.0,2.441303725836596,0.0065808328901041,0.4681999660069937,1.0835437581752732,8.035085932365012,0.4428652319256692,0.4776656345947963,-2145.5546920107868,3570.1039196026,3797.295788782789,332.78819790144246,10.982039095499031,10.421090696563908
166,dw1322-39,,200.6336,-39.906,2.95,0.05,0.05,-10,413.2054799786679,10.0,-7,stars,dIrr,10.0,3.501716910129295,-0.0121560627540083,0.9997358298967572,0.0229861582277718,0.8404413588128891,0.11855902797988,0.119981646778234,-109.2734158066561,154.90098617641908,156.5560090148557,-107.7960114137443,15.503871917084467,15.549112474674828
